lat,lon,ele,time,segment_distance_km,distance_km_cum,segment_time_s,elev_delta_m,elev_gain_pos_m,elev_gain_pos_cum_m,slope_percent
3.4215640369802713,-76.53843535110354,963.07,2025-04-08 21:25:53+00:00,0.0,0.0,0.0,0.0,0.0,0.0,0.0
3.4218335151672363,-76.53838539496064,963.24,2025-04-08 21:25:53.009000+00:00,0.030311,0.030311,0.01,0.17,0.17,0.17,0.56
3.4221029095351696,-76.53833543881774,963.54,2025-04-08 21:25:53.027000+00:00,0.030302,0.060613,0.02,0.3,0.3,0.47,0.99
3.422376913949847,-76.53828464448452,964.11,2025-04-08 21:25:53.054000+00:00,0.03082,0.091433,0.03,0.57,0.57,1.04,1.85
3.4226795844733715,-76.53823426924646,964.6,2025-04-08 21:25:53.092000+00:00,0.033934,0.125367,0.04,0.49,0.49,1.53,1.44
3.422985691577196,-76.53818339109421,964.85,2025-04-08 21:25:53.140000+00:00,0.034318,0.159685,0.05,0.25,0.25,1.78,0.73
3.4232299402356148,-76.53816780075431,964.86,2025-04-08 21:25:53.196000+00:00,0.027064,0.186749,0.06,0.01,0.01,1.79,0.04
3.4234741888940334,-76.53815212659538,965.05,2025-04-08 21:25:53.260000+00:00,0.027065,0.213813,0.06,0.19,0.19,1.98,0.7
3.4237227961421013,-76.53813620097935,965.33,2025-04-08 21:25:53.332000+00:00,0.027547,0.241361,0.07,0.28,0.28,2.26,1.02
3.423965787515044,-76.53812555596232,965.47,2025-04-08 21:25:53.412000+00:00,0.026896,0.268256,0.08,0.14,0.14,2.4,0.52
3.4242590703070164,-76.53810183517635,965.08,2025-04-08 21:25:53.502000+00:00,0.032538,0.300794,0.09,-0.39,0.0,2.4,-1.2
3.424493931233883,-76.53805699199438,964.43,2025-04-08 21:25:53.600000+00:00,0.026444,0.327238,0.1,-0.65,0.0,2.4,-2.46
3.4247137047350407,-76.5379917807877,963.95,2025-04-08 21:25:53.706000+00:00,0.02536,0.352598,0.11,-0.48,0.0,2.4,-1.89
3.4249334782361984,-76.53792665340006,963.92,2025-04-08 21:25:53.819000+00:00,0.025357,0.377955,0.11,-0.03,0.0,2.4,-0.12
3.4251566883176565,-76.53786043636501,963.89,2025-04-08 21:25:53.940000+00:00,0.025756,0.40371,0.12,-0.03,0.0,2.4,-0.12
3.4253664035350084,-76.53779899701476,963.91,2025-04-08 21:25:54.068000+00:00,0.024174,0.427884,0.13,0.02,0.02,2.42,0.08
3.4255094826221466,-76.53774778358638,963.97,2025-04-08 21:25:54.201000+00:00,0.016814,0.444698,0.13,0.06,0.06,2.48,0.36
3.4257421642541885,-76.53767536394298,963.92,2025-04-08 21:25:54.342000+00:00,0.026959,0.471657,0.14,-0.05,0.0,2.48,-0.19
3.4259769413620234,-76.53759095817804,963.8,2025-04-08 21:25:54.492000+00:00,0.027604,0.49926,0.15,-0.12,0.0,2.48,-0.43
3.4259939566254616,-76.53758299537003,963.77,2025-04-08 21:25:54.642000+00:00,0.002079,0.50134,0.15,-0.03,0.0,2.48,-1.44
3.426171485334635,-76.53749775141478,963.7,2025-04-08 21:25:54.799000+00:00,0.021797,0.523136,0.16,-0.07,0.0,2.48,-0.32
3.4263829607516527,-76.53737093321979,963.74,2025-04-08 21:25:54.964000+00:00,0.027303,0.550439,0.17,0.04,0.04,2.52,0.15
3.4265261236578226,-76.5373273473233,963.83,2025-04-08 21:25:55.134000+00:00,0.016555,0.566994,0.17,0.09,0.09,2.61,0.54
3.4266892354935408,-76.53727646917105,963.92,2025-04-08 21:25:55.310000+00:00,0.018902,0.585896,0.18,0.09,0.09,2.7,0.48
3.426930047571659,-76.53720413334668,964.13,2025-04-08 21:25:55.494000+00:00,0.027815,0.613711,0.18,0.21,0.21,2.91,0.75
3.4271924011409283,-76.53710816055536,964.26,2025-04-08 21:25:55.687000+00:00,0.030909,0.64462,0.19,0.13,0.13,3.04,0.42
3.427261970937252,-76.5370699390769,964.33,2025-04-08 21:25:55.883000+00:00,0.008787,0.653407,0.2,0.07,0.07,3.11,0.8
3.4274685010313988,-76.53701327741146,964.31,2025-04-08 21:25:56.086000+00:00,0.02369,0.677097,0.2,-0.02,0.0,3.11,-0.08
3.4276750311255455,-76.53695653192699,964.3,2025-04-08 21:25:56.296000+00:00,0.023692,0.70079,0.21,-0.01,0.0,3.11,-0.04
3.4278849977999926,-76.5368989482522,964.28,2025-04-08 21:25:56.513000+00:00,0.024083,0.724873,0.22,-0.02,0.0,3.11,-0.08
3.4281625226140022,-76.53681336902082,964.21,2025-04-08 21:25:56.740000+00:00,0.032128,0.757001,0.23,-0.07,0.0,3.11,-0.22
3.428442981094122,-76.53672695159912,964.2,2025-04-08 21:25:56.977000+00:00,0.032465,0.789466,0.24,-0.01,0.0,3.11,-0.03
3.4286135528236628,-76.53667372651398,964.26,2025-04-08 21:25:57.220000+00:00,0.019767,0.809233,0.24,0.06,0.06,3.17,0.3
3.4287859685719013,-76.53661999851465,964.53,2025-04-08 21:25:57.469000+00:00,0.019978,0.829212,0.25,0.27,0.27,3.44,1.35
3.428956540301442,-76.53656627051532,964.88,2025-04-08 21:25:57.724000+00:00,0.019784,0.848995,0.26,0.35,0.35,3.79,1.77
3.4291289560496807,-76.53651195578277,965.27,2025-04-08 21:25:57.985000+00:00,0.019998,0.868993,0.26,0.39,0.39,4.18,1.95
3.4293009527027607,-76.5364689566195,965.5,2025-04-08 21:25:58.252000+00:00,0.01961,0.888603,0.27,0.23,0.23,4.41,1.17
3.429546123370528,-76.53639586642385,965.71,2025-04-08 21:25:58.527000+00:00,0.028301,0.916904,0.28,0.21,0.21,4.62,0.74
3.4297939762473106,-76.53632193803787,965.92,2025-04-08 21:25:58.811000+00:00,0.028612,0.945516,0.28,0.21,0.21,4.83,0.73
3.4298299346119165,-76.53631095774472,966.14,2025-04-08 21:25:59.096000+00:00,0.004159,0.949676,0.28,0.22,0.22,5.05,5.29
3.42994493432343,-76.53627592138946,966.4,2025-04-08 21:25:59.385000+00:00,0.013299,0.962975,0.29,0.26,0.26,5.31,1.96
3.4302219562232494,-76.5361909288913,966.62,2025-04-08 21:25:59.684000+00:00,0.032055,0.99503,0.3,0.22,0.22,5.53,0.69
3.4303267300128937,-76.53615865856409,966.75,2025-04-08 21:25:59.986000+00:00,0.012128,1.007158,0.3,0.13,0.13,5.66,1.07
3.4305019956082106,-76.53610493056476,966.94,2025-04-08 21:26:00.596000+00:00,0.020279,1.027437,0.61,0.19,0.19,5.85,0.94
3.4307182487100363,-76.5360444970429,967.11,2025-04-08 21:26:00.912000+00:00,0.024838,1.052275,0.32,0.17,0.17,6.02,0.68
3.4309345856308937,-76.53598406352103,967.28,2025-04-08 21:26:01.235000+00:00,0.024847,1.077122,0.32,0.17,0.17,6.19,0.68
3.4311543591320515,-76.53592262417078,967.46,2025-04-08 21:26:01.566000+00:00,0.025243,1.102365,0.33,0.18,0.18,6.37,0.71
3.431203728541732,-76.535923210904,967.57,2025-04-08 21:26:01.898000+00:00,0.00546,1.107825,0.33,0.11,0.11,6.48,2.01
3.431256115436554,-76.5359422378242,967.67,2025-04-08 21:26:02.232000+00:00,0.006167,1.113991,0.33,0.1,0.1,6.58,1.62
3.431297354400158,-76.53600761666894,967.74,2025-04-08 21:26:02.569000+00:00,0.008578,1.122569,0.34,0.07,0.07,6.65,0.82
3.4313316363841295,-76.53611917980015,967.8,2025-04-08 21:26:02.910000+00:00,0.012964,1.135533,0.34,0.06,0.06,6.71,0.46
3.4314253460615873,-76.53640902601182,967.77,2025-04-08 21:26:03.261000+00:00,0.033834,1.169367,0.35,-0.03,0.0,6.71,-0.09
3.431519055739045,-76.53669870458543,967.9,2025-04-08 21:26:03.622000+00:00,0.033816,1.203183,0.36,0.13,0.13,6.84,0.38
3.4315910562872887,-76.53695661574602,967.98,2025-04-08 21:26:03.992000+00:00,0.029745,1.232928,0.37,0.08,0.08,6.92,0.27
3.431663140654564,-76.53721452690661,967.81,2025-04-08 21:26:04.371000+00:00,0.029747,1.262675,0.38,-0.17,0.0,6.92,-0.57
3.4317350573837757,-76.5374721866101,968.07,2025-04-08 21:26:04.759000+00:00,0.029715,1.29239,0.39,0.26,0.26,7.18,0.87
3.4317555092275143,-76.5375065524131,968.28,2025-04-08 21:26:05.148000+00:00,0.004438,1.296828,0.39,0.21,0.21,7.39,4.73
3.4318008553236723,-76.53751032426953,968.56,2025-04-08 21:26:05.539000+00:00,0.005032,1.30186,0.39,0.28,0.28,7.67,5.56
3.43202599324286,-76.53750412166119,969.02,2025-04-08 21:26:05.937000+00:00,0.024905,1.326765,0.4,0.46,0.46,8.13,1.85
3.4322511311620474,-76.53749800287187,969.48,2025-04-08 21:26:06.343000+00:00,0.024905,1.35167,0.41,0.46,0.46,8.59,1.85
3.4324802085757256,-76.53749171644449,969.88,2025-04-08 21:26:06.756000+00:00,0.025341,1.37701,0.41,0.4,0.4,8.99,1.58
3.4327092859894037,-76.53748190961778,970.29,2025-04-08 21:26:07.177000+00:00,0.025354,1.402365,0.42,0.41,0.41,9.4,1.62
3.4329384472221136,-76.5374721866101,970.72,2025-04-08 21:26:07.605000+00:00,0.025363,1.427728,0.43,0.43,0.43,9.83,1.7
3.433171631768346,-76.53746221214533,971.1,2025-04-08 21:26:08.041000+00:00,0.025809,1.453537,0.44,0.38,0.38,10.21,1.47
3.4332675207406282,-76.53746967203915,971.42,2025-04-08 21:26:08.480000+00:00,0.010636,1.464172,0.44,0.32,0.32,10.53,3.01
3.433354441076517,-76.53746975585818,971.69,2025-04-08 21:26:08.922000+00:00,0.009612,1.473784,0.44,0.27,0.27,10.8,2.81
3.4335475601255894,-76.5374634694308,971.87,2025-04-08 21:26:09.371000+00:00,0.021366,1.49515,0.45,0.18,0.18,10.98,0.84
3.433742942288518,-76.5374570991844,972.03,2025-04-08 21:26:09.826000+00:00,0.021617,1.516767,0.46,0.16,0.16,11.14,0.74
3.4340411704033613,-76.53744611889124,972.23,2025-04-08 21:26:10.291000+00:00,0.033,1.549767,0.47,0.2,0.2,11.34,0.61
3.4343429189175367,-76.53743497096002,972.65,2025-04-08 21:26:10.766000+00:00,0.03339,1.583157,0.47,0.42,0.42,11.76,1.26
3.434627652168274,-76.53742072172463,973.09,2025-04-08 21:26:11.250000+00:00,0.031525,1.614682,0.48,0.44,0.44,12.2,1.4
3.4349123015999794,-76.53740647248924,973.3,2025-04-08 21:26:11.744000+00:00,0.031516,1.646198,0.49,0.21,0.21,12.41,0.67
3.435201980173588,-76.53739197179675,973.35,2025-04-08 21:26:12.247000+00:00,0.032073,1.67827,0.5,0.05,0.05,12.46,0.16
3.4354782477021217,-76.53738375753164,973.53,2025-04-08 21:26:12.760000+00:00,0.030563,1.708833,0.51,0.18,0.18,12.64,0.59
3.4357545152306557,-76.5373754594475,973.73,2025-04-08 21:26:13.282000+00:00,0.030563,1.739396,0.52,0.2,0.2,12.84,0.65
3.436035644263029,-76.53736716136336,973.93,2025-04-08 21:26:13.813000+00:00,0.0311,1.770497,0.53,0.2,0.2,13.04,0.64
3.436252987012267,-76.53732793405652,974.18,2025-04-08 21:26:14.351000+00:00,0.024425,1.794922,0.54,0.25,0.25,13.29,1.02
3.436467982828617,-76.53724193572998,974.43,2025-04-08 21:26:14.897000+00:00,0.025623,1.820545,0.55,0.25,0.25,13.54,0.98
3.436653222888708,-76.53712810948491,974.65,2025-04-08 21:26:15.450000+00:00,0.024074,1.844619,0.55,0.22,0.22,13.76,0.91
3.436838462948799,-76.53701419942081,974.95,2025-04-08 21:26:16.011000+00:00,0.024079,1.868698,0.56,0.3,0.3,14.06,1.25
3.4370259661227465,-76.5368989482522,975.22,2025-04-08 21:26:16.579000+00:00,0.02437,1.893068,0.57,0.27,0.27,14.33,1.11
3.4372669458389282,-76.53677196241915,975.52,2025-04-08 21:26:17.156000+00:00,0.030153,1.92322,0.58,0.3,0.3,14.63,0.99
3.4373419638723135,-76.53673198074102,975.91,2025-04-08 21:26:17.736000+00:00,0.00941,1.932631,0.58,0.39,0.39,15.02,4.14
3.4374329913407564,-76.53668395243585,976.34,2025-04-08 21:26:18.319000+00:00,0.011393,1.944024,0.58,0.43,0.43,15.45,3.77
3.437540950253606,-76.53668395243585,976.79,2025-04-08 21:26:18.906000+00:00,0.011938,1.955961,0.59,0.45,0.45,15.9,3.77
3.4376479871571064,-76.53670499101281,977.28,2025-04-08 21:26:19.496000+00:00,0.012065,1.968026,0.59,0.49,0.49,16.39,4.06
3.4377339854836464,-76.53674799017608,977.78,2025-04-08 21:26:20.090000+00:00,0.010642,1.978669,0.59,0.5,0.5,16.89,4.7
3.4379003662616014,-76.53689484111965,978.3,2025-04-08 21:26:20.691000+00:00,0.024592,2.003261,0.6,0.52,0.52,17.41,2.11
3.437904976308346,-76.5368989482522,978.82,2025-04-08 21:26:21.292000+00:00,0.000684,2.003945,0.6,0.52,0.52,17.93,76.0
3.438076553866267,-76.53707002289593,979.39,2025-04-08 21:26:21.901000+00:00,0.026858,2.030803,0.61,0.57,0.57,18.5,2.12
3.4382489696145058,-76.53724193572998,979.89,2025-04-08 21:26:22.518000+00:00,0.026989,2.057792,0.62,0.5,0.5,19.0,1.85
3.43838794156909,-76.53733807615936,980.52,2025-04-08 21:26:23.141000+00:00,0.018716,2.076508,0.62,0.63,0.63,19.63,3.37
3.4385279193520546,-76.53743497096002,981.14,2025-04-08 21:26:23.770000+00:00,0.018855,2.095363,0.63,0.62,0.62,20.25,3.29
3.438677955418825,-76.53745693154633,981.79,2025-04-08 21:26:24.404000+00:00,0.016769,2.112132,0.63,0.65,0.65,20.9,3.88
3.4388709906488657,-76.53741393238306,982.52,2025-04-08 21:26:25.044000+00:00,0.021874,2.134006,0.64,0.73,0.73,21.63,3.34
3.4391169995069504,-76.53725358657539,983.08,2025-04-08 21:26:25.694000+00:00,0.032519,2.166525,0.65,0.56,0.56,22.19,1.72
3.4393649362027645,-76.53709198348224,983.55,2025-04-08 21:26:26.354000+00:00,0.032774,2.199299,0.66,0.47,0.47,22.66,1.43
3.4393999725580215,-76.53706499375403,983.96,2025-04-08 21:26:27.015000+00:00,0.004899,2.204198,0.66,0.41,0.41,23.07,8.37
3.439449928700924,-76.53702693991363,984.33,2025-04-08 21:26:27.678000+00:00,0.006957,2.211155,0.66,0.37,0.37,23.44,5.32
3.4394769184291363,-76.53700799681246,984.65,2025-04-08 21:26:28.342000+00:00,0.003652,2.214807,0.66,0.32,0.32,23.76,8.76
3.439688226208091,-76.53685703873634,984.95,2025-04-08 21:26:29.015000+00:00,0.028764,2.243571,0.67,0.3,0.3,24.06,1.04
3.4399009589105844,-76.53670499101281,985.36,2025-04-08 21:26:29.697000+00:00,0.028962,2.272533,0.68,0.41,0.41,24.47,1.42
3.4400933235883713,-76.53655545786023,985.68,2025-04-08 21:26:30.387000+00:00,0.026992,2.299525,0.69,0.32,0.32,24.79,1.19
3.440286945551634,-76.53640491887927,985.91,2025-04-08 21:26:31.085000+00:00,0.02717,2.326695,0.7,0.23,0.23,25.02,0.85
3.4404369816184044,-76.53634096495807,985.87,2025-04-08 21:26:31.788000+00:00,0.018049,2.344744,0.7,-0.04,0.0,25.02,-0.22
3.440715931355953,-76.5362979657948,985.68,2025-04-08 21:26:32.501000+00:00,0.031214,2.375958,0.71,-0.19,0.0,25.02,-0.61
3.440801929682493,-76.5362979657948,985.56,2025-04-08 21:26:33.217000+00:00,0.00951,2.385467,0.72,-0.12,0.0,25.02,-1.26
3.4408659674227238,-76.53631892055273,985.51,2025-04-08 21:26:33.935000+00:00,0.007454,2.392922,0.72,-0.05,0.0,25.02,-0.67
3.441044418141246,-76.53634431771934,985.32,2025-04-08 21:26:34.659000+00:00,0.019934,2.412855,0.72,-0.19,0.0,25.02,-0.95
3.441224964335561,-76.53636996634305,985.33,2025-04-08 21:26:35.389000+00:00,0.020167,2.433022,0.73,0.01,0.01,25.03,0.05
3.4413169976323843,-76.53638396412134,985.42,2025-04-08 21:26:36.122000+00:00,0.010295,2.443317,0.73,0.09,0.09,25.12,0.87
3.4413309954106808,-76.53638698160648,985.49,2025-04-08 21:26:36.855000+00:00,0.001584,2.444901,0.73,0.07,0.07,25.19,4.42
3.441562168300152,-76.53643945232034,985.75,2025-04-08 21:26:37.596000+00:00,0.026219,2.47112,0.74,0.26,0.26,25.45,0.99
3.4417934250086546,-76.53649183921516,986.41,2025-04-08 21:26:39.086000+00:00,0.026226,2.497346,1.49,0.66,0.66,26.11,2.52
3.4420245978981256,-76.53654430992901,986.78,2025-04-08 21:26:39.843000+00:00,0.026219,2.523565,0.76,0.37,0.37,26.48,1.41
3.4420950897037983,-76.53656023554504,986.96,2025-04-08 21:26:40.602000+00:00,0.007993,2.531559,0.76,0.18,0.18,26.66,2.25
3.442260967567563,-76.53659795410931,987.13,2025-04-08 21:26:41.367000+00:00,0.018815,2.550374,0.77,0.17,0.17,26.83,0.9
3.4424319583922625,-76.53659795410931,987.15,2025-04-08 21:26:42.138000+00:00,0.018908,2.569282,0.77,0.02,0.02,26.85,0.11
3.442604960873723,-76.53659795410931,987.21,2025-04-08 21:26:42.915000+00:00,0.01913,2.588412,0.78,0.06,0.06,26.91,0.31
3.442764552310109,-76.53659795410931,987.33,2025-04-08 21:26:43.697000+00:00,0.017647,2.606059,0.78,0.12,0.12,27.03,0.68
3.442925987765193,-76.53659795410931,987.51,2025-04-08 21:26:44.484000+00:00,0.017851,2.623911,0.79,0.18,0.18,27.21,1.01
3.4431393910199404,-76.53660524636507,987.74,2025-04-08 21:26:45.278000+00:00,0.023612,2.647522,0.79,0.23,0.23,27.44,0.97
3.4433527942746878,-76.53661253862083,987.94,2025-04-08 21:26:46.079000+00:00,0.023612,2.671134,0.8,0.2,0.2,27.64,0.85
3.4435699693858624,-76.53661999851465,988.16,2025-04-08 21:26:46.888000+00:00,0.024029,2.695163,0.81,0.22,0.22,27.86,0.92
3.443840369582176,-76.53660574927926,988.48,2025-04-08 21:26:47.706000+00:00,0.029942,2.725105,0.82,0.32,0.32,28.18,1.07
3.44411076977849,-76.53659141622484,988.82,2025-04-08 21:26:48.533000+00:00,0.029943,2.755048,0.83,0.34,0.34,28.52,1.14
3.4443859476596117,-76.53657699935138,989.28,2025-04-08 21:26:49.369000+00:00,0.030471,2.785519,0.84,0.46,0.46,28.98,1.51
3.444513939321041,-76.53657699935138,989.83,2025-04-08 21:26:50.209000+00:00,0.014153,2.799672,0.84,0.55,0.55,29.53,3.89
3.4446884505450726,-76.5365500934422,990.47,2025-04-08 21:26:51.055000+00:00,0.019527,2.8192,0.85,0.64,0.64,30.17,3.28
3.444864973425865,-76.53652293607593,991.15,2025-04-08 21:26:51.907000+00:00,0.019751,2.838951,0.85,0.68,0.68,30.85,3.44
3.44500495120883,-76.536501981318,991.84,2025-04-08 21:26:52.763000+00:00,0.015653,2.854604,0.86,0.69,0.69,31.54,4.41
3.4452515468001366,-76.53646468184888,992.66,2025-04-08 21:26:53.628000+00:00,0.027581,2.882185,0.86,0.82,0.82,32.36,2.97
3.4455009922385216,-76.53642696328461,993.38,2025-04-08 21:26:54.501000+00:00,0.0279,2.910085,0.87,0.72,0.72,33.08,2.58
3.4456933569163084,-76.53641598299146,994.07,2025-04-08 21:26:55.380000+00:00,0.021306,2.931391,0.88,0.69,0.69,33.77,3.24
3.4458879847079515,-76.53640491887927,994.78,2025-04-08 21:26:56.266000+00:00,0.021557,2.952948,0.89,0.71,0.71,34.48,3.29
3.446015976369381,-76.53640491887927,995.58,2025-04-08 21:26:57.156000+00:00,0.014153,2.967101,0.89,0.8,0.8,35.28,5.65
3.4462828561663628,-76.53641589917243,996.5,2025-04-08 21:26:58.055000+00:00,0.029536,2.996637,0.9,0.92,0.92,36.2,3.11
3.4464454650878906,-76.53642252087593,997.48,2025-04-08 21:26:58.959000+00:00,0.017996,3.014633,0.9,0.98,0.98,37.18,5.45
3.4465529210865498,-76.53642696328461,998.48,2025-04-08 21:26:59.867000+00:00,0.011893,3.026526,0.91,1.0,1.0,38.18,8.41
3.446773448958993,-76.53649091720581,999.68,2025-04-08 21:27:00.783000+00:00,0.0254,3.051926,0.92,1.2,1.2,39.38,4.72
3.446993976831436,-76.53655495494604,1001.01,2025-04-08 21:27:01.706000+00:00,0.025403,3.077329,0.92,1.33,1.33,40.71,5.24
3.4472179412841797,-76.53661999851465,1002.33,2025-04-08 21:27:02.637000+00:00,0.025799,3.103127,0.93,1.32,1.32,42.03,5.12
3.447442324832082,-76.53669459745288,1003.36,2025-04-08 21:27:03.576000+00:00,0.02616,3.129287,0.94,1.03,1.03,43.06,3.94
3.44766897149384,-76.53676995076239,1004.22,2025-04-08 21:27:04.523000+00:00,0.026424,3.155711,0.95,0.86,0.86,43.92,3.25
3.4477539639919996,-76.53679098933935,1004.91,2025-04-08 21:27:05.473000+00:00,0.009685,3.165396,0.95,0.69,0.69,44.61,7.12
3.4478829614818096,-76.53683398850262,1005.52,2025-04-08 21:27:06.427000+00:00,0.015043,3.180439,0.95,0.61,0.61,45.22,4.05
3.44816199503839,-76.53691998682916,1006.03,2025-04-08 21:27:07.391000+00:00,0.032301,3.21274,0.96,0.51,0.51,45.73,1.58
3.4482269547879696,-76.53694194741547,1006.52,2025-04-08 21:27:08.357000+00:00,0.007586,3.220327,0.97,0.49,0.49,46.22,6.46
3.4482909925282,-76.53696298599243,1006.93,2025-04-08 21:27:09.325000+00:00,0.007457,3.227784,0.97,0.41,0.41,46.63,5.5
3.4485184773802757,-76.53704118914902,1007.42,2025-04-08 21:27:10.301000+00:00,0.026614,3.254397,0.98,0.49,0.49,47.12,1.84
3.4487459622323513,-76.53711947612464,1007.74,2025-04-08 21:27:11.285000+00:00,0.026617,3.281014,0.98,0.32,0.32,47.44,1.2
3.448976967483759,-76.53719893656671,1007.78,2025-04-08 21:27:12.277000+00:00,0.027027,3.308041,0.99,0.04,0.04,47.48,0.15
3.4491296857595444,-76.53725769370794,1007.78,2025-04-08 21:27:13.275000+00:00,0.018106,3.326146,1.0,0.0,0.0,47.48,0.0
3.4492839965969324,-76.53731695376337,1007.76,2025-04-08 21:27:14.278000+00:00,0.01829,3.344436,1.0,-0.02,0.0,47.48,-0.11
3.449446940794587,-76.53737998567522,1007.63,2025-04-08 21:27:15.287000+00:00,0.019332,3.363768,1.01,-0.13,0.0,47.48,-0.67
3.449629582464695,-76.53745014220476,1007.53,2025-04-08 21:27:16.303000+00:00,0.021649,3.385417,1.02,-0.1,0.0,47.48,-0.46
3.449813984334469,-76.53752096928656,1007.44,2025-04-08 21:27:17.325000+00:00,0.021857,3.407274,1.02,-0.09,0.0,47.48,-0.41
3.450112883001566,-76.53761694207788,1007.33,2025-04-08 21:27:18.358000+00:00,0.03473,3.442003,1.03,-0.11,0.0,47.48,-0.32
3.450414966791868,-76.53771392069757,1006.83,2025-04-08 21:27:19.401000+00:00,0.035099,3.477102,1.04,-0.5,0.0,47.48,-1.42
3.450629962608218,-76.53769296593964,1006.37,2025-04-08 21:27:20.451000+00:00,0.023888,3.50099,1.05,-0.46,0.0,47.48,-1.93
3.4506619814783335,-76.5376709215343,1006.19,2025-04-08 21:27:21.503000+00:00,0.004305,3.505295,1.05,-0.18,0.0,47.48,-4.18
3.4508159570395947,-76.53756899759173,1005.89,2025-04-08 21:27:22.561000+00:00,0.020449,3.525744,1.06,-0.3,0.0,47.48,-1.47
3.4508229978382587,-76.53756396844983,1005.86,2025-04-08 21:27:23.619000+00:00,0.000958,3.526703,1.06,-0.03,0.0,47.48,-3.13
3.4509726986289024,-76.53738182969391,1005.97,2025-04-08 21:27:24.685000+00:00,0.026147,3.552849,1.07,0.11,0.11,47.59,0.42
3.451122986152768,-76.53719893656671,1006.23,2025-04-08 21:27:25.759000+00:00,0.026253,3.579102,1.07,0.26,0.26,47.85,0.99
3.4512784704566,-76.53699550777674,1006.55,2025-04-08 21:27:26.841000+00:00,0.0284,3.607502,1.08,0.32,0.32,48.17,1.13
3.4514339547604322,-76.53679207898676,1006.94,2025-04-08 21:27:27.932000+00:00,0.0284,3.635903,1.09,0.39,0.39,48.56,1.37
3.4515894390642643,-76.53658873401582,1007.41,2025-04-08 21:27:29.031000+00:00,0.028393,3.664296,1.1,0.47,0.47,49.03,1.66
3.451745929196477,-76.53638396412134,1007.92,2025-04-08 21:27:30.139000+00:00,0.028586,3.692882,1.11,0.51,0.51,49.54,1.78
3.451818935573101,-76.53628095053136,1008.05,2025-04-08 21:27:31.251000+00:00,0.014007,3.706889,1.11,0.13,0.13,49.67,0.93
3.4519359469413757,-76.53611498884857,1008.12,2025-04-08 21:27:32.370000+00:00,0.022528,3.729417,1.12,0.07,0.07,49.74,0.31
3.4520767629146576,-76.53591675683856,1007.93,2025-04-08 21:27:33.497000+00:00,0.026975,3.756392,1.13,-0.19,0.0,49.74,-0.7
3.452217997983098,-76.53571793809533,1007.68,2025-04-08 21:27:34.632000+00:00,0.027055,3.783447,1.14,-0.25,0.0,49.74,-0.92
3.452238952741027,-76.5356969833374,1007.64,2025-04-08 21:27:35.768000+00:00,0.003285,3.786732,1.14,-0.04,0.0,49.74,-1.22
3.452260997146368,-76.53565398417413,1007.54,2025-04-08 21:27:36.906000+00:00,0.005364,3.792096,1.14,-0.1,0.0,49.74,-1.86
3.4523889049887657,-76.5353967435658,1007.25,2025-04-08 21:27:39.191000+00:00,0.031892,3.823988,2.29,-0.29,0.0,49.74,-0.91
3.452517818659544,-76.53513950295746,1007.09,2025-04-08 21:27:40.348000+00:00,0.031942,3.85593,1.16,-0.16,0.0,49.74,-0.5
3.4526469837874174,-76.534881927073,1006.73,2025-04-08 21:27:41.514000+00:00,0.031987,3.887917,1.17,-0.36,0.0,49.74,-1.13
3.452746896073222,-76.53465301729739,1006.41,2025-04-08 21:27:42.689000+00:00,0.027732,3.915649,1.18,-0.32,0.0,49.74,-1.15
3.4528468921780586,-76.53442402370274,1006.26,2025-04-08 21:27:43.872000+00:00,0.027744,3.943394,1.18,-0.15,0.0,49.74,-0.54
3.452946972101927,-76.53419494628906,1006.16,2025-04-08 21:27:45.063000+00:00,0.027756,3.97115,1.19,-0.1,0.0,49.74,-0.36
3.453068593516946,-76.5339233726263,1006.16,2025-04-08 21:27:46.264000+00:00,0.033038,4.004188,1.2,0.0,0.0,49.74,0.0
3.453190214931965,-76.53365179896355,1005.59,2025-04-08 21:27:47.475000+00:00,0.033038,4.037226,1.21,-0.57,0.0,49.74,-1.73
3.4531938191503286,-76.5336435008794,1005.01,2025-04-08 21:27:48.687000+00:00,0.001005,4.038231,1.21,-0.58,0.0,49.74,-57.74
3.4533119201660156,-76.5333799738437,1004.13,2025-04-08 21:27:49.908000+00:00,0.032063,4.070293,1.22,-0.88,0.0,49.74,-2.74
3.453332958742976,-76.53331493027508,1003.37,2025-04-08 21:27:51.131000+00:00,0.007593,4.077886,1.22,-0.76,0.0,49.74,-10.01
3.453457932919264,-76.53303849510849,1002.5,2025-04-08 21:27:52.365000+00:00,0.033683,4.111569,1.23,-0.87,0.0,49.74,-2.58
3.453582990914583,-76.53276197612286,1001.35,2025-04-08 21:27:53.609000+00:00,0.033695,4.145264,1.24,-1.15,0.0,49.74,-3.41
3.453633952885866,-76.53264999389648,1000.37,2025-04-08 21:27:54.857000+00:00,0.01366,4.158924,1.25,-0.98,0.0,49.74,-7.17
3.4536789637058973,-76.53261596336961,999.4,2025-04-08 21:27:56.107000+00:00,0.006251,4.165174,1.25,-0.97,0.0,49.74,-15.52
3.453711988404393,-76.53259199112654,998.45,2025-04-08 21:27:57.358000+00:00,0.00452,4.169694,1.25,-0.95,0.0,49.74,-21.02
3.453856995329261,-76.53248394839466,997.33,2025-04-08 21:27:58.615000+00:00,0.020031,4.189726,1.26,-1.12,0.0,49.74,-5.59
3.4540999867022038,-76.53230398893356,996.45,2025-04-08 21:27:59.882000+00:00,0.033494,4.22322,1.27,-0.88,0.0,49.74,-2.63
3.454212974756956,-76.53222092427313,995.67,2025-04-08 21:28:01.154000+00:00,0.015534,4.238753,1.27,-0.78,0.0,49.74,-5.02
3.4542779345065355,-76.53217792510986,994.96,2025-04-08 21:28:02.428000+00:00,0.008627,4.24738,1.27,-0.71,0.0,49.74,-8.23
3.454289920628071,-76.53217398561537,994.3,2025-04-08 21:28:03.703000+00:00,0.001396,4.248776,1.27,-0.66,0.0,49.74,-47.28
3.4544239472597837,-76.5321349259466,993.7,2025-04-08 21:28:04.982000+00:00,0.015443,4.264219,1.28,-0.6,0.0,49.74,-3.89
3.4546419605612755,-76.5320709720254,993.25,2025-04-08 21:28:06.269000+00:00,0.025133,4.289352,1.29,-0.45,0.0,49.74,-1.79
3.454877156764269,-76.5318926051259,992.93,2025-04-08 21:28:07.566000+00:00,0.032699,4.322051,1.3,-0.32,0.0,49.74,-0.98
3.4551123529672623,-76.53171415440738,992.47,2025-04-08 21:28:08.872000+00:00,0.032705,4.354756,1.31,-0.46,0.0,49.74,-1.41
3.4553499799221754,-76.5315339434892,992.04,2025-04-08 21:28:10.188000+00:00,0.033037,4.387793,1.32,-0.43,0.0,49.74,-1.3
3.455521473661065,-76.53137343004346,991.71,2025-04-08 21:28:11.512000+00:00,0.026033,4.413826,1.32,-0.33,0.0,49.74,-1.27
3.4556939732283354,-76.53121199458838,991.34,2025-04-08 21:28:12.844000+00:00,0.026185,4.440011,1.33,-0.37,0.0,49.74,-1.41
3.4558889362961054,-76.53107394464314,991.1,2025-04-08 21:28:14.184000+00:00,0.026459,4.46647,1.34,-0.24,0.0,49.74,-0.91
3.456058921292424,-76.5309549216181,991.08,2025-04-08 21:28:15.531000+00:00,0.022983,4.489453,1.35,-0.02,0.0,49.74,-0.09
3.4562399704009295,-76.53091217391193,991.09,2025-04-08 21:28:16.884000+00:00,0.020576,4.510029,1.35,0.01,0.01,49.75,0.05
3.456422947347164,-76.53086892329156,991.11,2025-04-08 21:28:18.243000+00:00,0.020796,4.530825,1.36,0.02,0.02,49.77,0.1
3.456637943163514,-76.53088996186852,991.07,2025-04-08 21:28:19.609000+00:00,0.023889,4.554714,1.37,-0.04,0.0,49.77,-0.17
3.4567872248589993,-76.53095416724682,991.45,2025-04-08 21:28:20.981000+00:00,0.017983,4.572697,1.37,0.38,0.38,50.15,2.11
3.4569379314780235,-76.53101895935833,991.67,2025-04-08 21:28:22.358000+00:00,0.018154,4.59085,1.38,0.22,0.22,50.37,1.21
3.457173965871334,-76.53119095601141,992.19,2025-04-08 21:28:23.745000+00:00,0.03235,4.6232,1.39,0.52,0.52,50.89,1.61
3.457291815429926,-76.53135172091424,992.44,2025-04-08 21:28:25.139000+00:00,0.022112,4.645312,1.39,0.25,0.25,51.14,1.13
3.457409916445613,-76.53151298873127,992.73,2025-04-08 21:28:26.539000+00:00,0.022174,4.667486,1.4,0.29,0.29,51.43,1.31
3.457517372444272,-76.53169529512525,992.9,2025-04-08 21:28:27.946000+00:00,0.023485,4.690971,1.41,0.17,0.17,51.6,0.72
3.4576249960809946,-76.53187793679535,993.07,2025-04-08 21:28:29.360000+00:00,0.023527,4.714498,1.41,0.17,0.17,51.77,0.72
3.457717951387167,-76.53199695982039,993.39,2025-04-08 21:28:30.779000+00:00,0.01675,4.731248,1.42,0.32,0.32,52.09,1.91
3.4578709211200476,-76.53219192288816,993.92,2025-04-08 21:28:32.207000+00:00,0.027485,4.758733,1.43,0.53,0.53,52.62,1.93
3.458010982722044,-76.5323709603399,994.18,2025-04-08 21:28:33.642000+00:00,0.025212,4.783946,1.44,0.26,0.26,52.88,1.03
3.458146685734391,-76.5325353294611,994.48,2025-04-08 21:28:35.084000+00:00,0.023638,4.807584,1.44,0.3,0.3,53.18,1.27
3.45828247256577,-76.53269969858229,994.78,2025-04-08 21:28:36.533000+00:00,0.023644,4.831228,1.45,0.3,0.3,53.48,1.27
3.458418929949403,-76.53286498971283,995.24,2025-04-08 21:28:37.990000+00:00,0.02377,4.854998,1.46,0.46,0.46,53.94,1.94
3.4585639368742704,-76.53274999000132,995.56,2025-04-08 21:28:39.453000+00:00,0.020504,4.875502,1.46,0.32,0.32,54.26,1.56
3.4587659407407045,-76.53258997946978,995.95,2025-04-08 21:28:40.924000+00:00,0.02855,4.904051,1.47,0.39,0.39,54.65,1.37
3.4589992091059685,-76.53240608051419,996.06,2025-04-08 21:28:42.405000+00:00,0.032908,4.936959,1.48,0.11,0.11,54.76,0.33
3.4592329803854227,-76.53222159482539,995.9,2025-04-08 21:28:43.896000+00:00,0.032992,4.969951,1.49,-0.16,0.0,54.76,-0.48
3.459419310092926,-76.53209276497364,995.28,2025-04-08 21:28:49.868000+00:00,0.025089,4.99504,5.97,-0.62,0.0,54.76,-2.47
3.4596046339720488,-76.53196460567415,995.0,2025-04-08 21:28:51.374000+00:00,0.024955,5.019995,1.51,-0.28,0.0,54.76,-1.12
3.4597919695079327,-76.53183493763208,994.75,2025-04-08 21:28:52.888000+00:00,0.025233,5.045228,1.51,-0.25,0.0,54.76,-0.99
3.4597969986498356,-76.53183175250888,994.41,2025-04-08 21:28:54.402000+00:00,0.000659,5.045888,1.51,-0.34,0.0,54.76,-51.58
3.4598097391426563,-76.5318238735199,994.03,2025-04-08 21:28:55.916000+00:00,0.001659,5.047546,1.51,-0.38,0.0,54.76,-22.91
3.460012748837471,-76.53169948607683,993.6,2025-04-08 21:28:57.438000+00:00,0.026362,5.073909,1.52,-0.43,0.0,54.76,-1.63
3.4602335281670094,-76.53156403452158,992.95,2025-04-08 21:28:58.969000+00:00,0.02868,5.102589,1.53,-0.65,0.0,54.76,-2.27
3.4604569897055626,-76.53142699040473,992.49,2025-04-08 21:29:00.509000+00:00,0.029025,5.131614,1.54,-0.46,0.0,54.76,-1.58
3.46069922670722,-76.53129153884947,991.95,2025-04-08 21:29:02.058000+00:00,0.030725,5.162339,1.55,-0.54,0.0,54.76,-1.76
3.4609415475279093,-76.53115608729422,991.4,2025-04-08 21:29:03.616000+00:00,0.030733,5.193072,1.56,-0.55,0.0,54.76,-1.79
3.461186969652772,-76.53101895935833,990.87,2025-04-08 21:29:05.183000+00:00,0.031123,5.224196,1.57,-0.53,0.0,54.76,-1.7
3.461250923573971,-76.53099792078137,990.41,2025-04-08 21:29:06.753000+00:00,0.007448,5.231644,1.57,-0.46,0.0,54.76,-6.18
3.4614889696240425,-76.53089599683881,989.94,2025-04-08 21:29:08.331000+00:00,0.028656,5.2603,1.58,-0.47,0.0,54.76,-1.64
3.461745958775282,-76.53078594245017,989.55,2025-04-08 21:29:09.918000+00:00,0.030937,5.291237,1.59,-0.39,0.0,54.76,-1.26
3.461851989850402,-76.53073992580175,989.18,2025-04-08 21:29:11.509000+00:00,0.012791,5.304028,1.59,-0.37,0.0,54.76,-2.89
3.462152983993292,-76.53065392747521,988.74,2025-04-08 21:29:13.111000+00:00,0.034628,5.338656,1.6,-0.44,0.0,54.76,-1.27
3.4621739387512207,-76.53065392747521,988.33,2025-04-08 21:29:14.713000+00:00,0.002317,5.340973,1.6,-0.41,0.0,54.76,-17.69
3.462461857125163,-76.53057932853699,988.01,2025-04-08 21:29:16.325000+00:00,0.032899,5.373872,1.61,-0.32,0.0,54.76,-0.97
3.4627529606223106,-76.53050397522748,987.99,2025-04-08 21:29:17.947000+00:00,0.033261,5.407133,1.62,-0.02,0.0,54.76,-0.06
3.4630539547652006,-76.53041797690094,987.44,2025-04-08 21:29:19.580000+00:00,0.034628,5.441761,1.63,-0.55,0.0,54.76,-1.59
3.4632219281047583,-76.53037598356605,986.75,2025-04-08 21:29:21.218000+00:00,0.019151,5.460913,1.64,-0.69,0.0,54.76,-3.6
3.46348294056952,-76.53031093999743,985.92,2025-04-08 21:29:22.865000+00:00,0.029753,5.490666,1.65,-0.83,0.0,54.76,-2.79
3.4635039791464806,-76.53030691668391,985.41,2025-04-08 21:29:24.513000+00:00,0.002369,5.493035,1.65,-0.51,0.0,54.76,-21.53
3.463717717677355,-76.5302661806345,984.84,2025-04-08 21:29:26.168000+00:00,0.024064,5.5171,1.66,-0.57,0.0,54.76,-2.37
3.4639339707791805,-76.5302249416709,984.37,2025-04-08 21:29:27.831000+00:00,0.024348,5.541448,1.66,-0.47,0.0,54.76,-1.93
3.46406196244061,-76.53020398691297,983.89,2025-04-08 21:29:29.498000+00:00,0.014343,5.555791,1.67,-0.48,0.0,54.76,-3.35
3.4643716737627983,-76.53020398691297,983.36,2025-04-08 21:29:31.175000+00:00,0.034247,5.590038,1.68,-0.53,0.0,54.76,-1.55
3.4646849893033504,-76.53020398691297,982.93,2025-04-08 21:29:32.862000+00:00,0.034646,5.624684,1.69,-0.43,0.0,54.76,-1.24
3.4647919423878193,-76.53020398691297,982.62,2025-04-08 21:29:34.553000+00:00,0.011827,5.636511,1.69,-0.31,0.0,54.76,-2.62
3.4649209398776293,-76.53020398691297,982.26,2025-04-08 21:29:36.248000+00:00,0.014264,5.650775,1.7,-0.36,0.0,54.76,-2.52
3.465060917660594,-76.53020692057908,981.98,2025-04-08 21:29:37.948000+00:00,0.015482,5.666257,1.7,-0.28,0.0,54.76,-1.81
3.4653699584305286,-76.53021295554936,981.62,2025-04-08 21:29:39.658000+00:00,0.03418,5.700437,1.71,-0.36,0.0,54.76,-1.05
3.465647818520665,-76.53021890670061,981.14,2025-04-08 21:29:41.377000+00:00,0.030732,5.731169,1.72,-0.48,0.0,54.76,-1.56
3.4659289475530386,-76.5302249416709,980.57,2025-04-08 21:29:43.106000+00:00,0.031094,5.762263,1.73,-0.57,0.0,54.76,-1.83
3.4661421831697226,-76.5302249416709,980.13,2025-04-08 21:29:44.842000+00:00,0.023579,5.785843,1.74,-0.44,0.0,54.76,-1.87
3.466357933357358,-76.5302249416709,979.8,2025-04-08 21:29:46.585000+00:00,0.023857,5.8097,1.74,-0.33,0.0,54.76,-1.38
3.466572929173708,-76.53020398691297,979.66,2025-04-08 21:29:48.335000+00:00,0.023888,5.833588,1.75,-0.14,0.0,54.76,-0.59
3.4668077901005745,-76.53010793030262,979.59,2025-04-08 21:29:50.094000+00:00,0.028078,5.861666,1.76,-0.07,0.0,54.76,-0.25
3.467044997960329,-76.53001095168293,979.4,2025-04-08 21:29:51.861000+00:00,0.028357,5.890023,1.77,-0.19,0.0,54.76,-0.67
3.467237949371338,-76.52988195419312,979.11,2025-04-08 21:29:53.636000+00:00,0.025704,5.915727,1.77,-0.29,0.0,54.76,-1.13
3.467318918555975,-76.52984197251499,979.0,2025-04-08 21:29:55.414000+00:00,0.009995,5.925722,1.78,-0.11,0.0,54.76,-1.1
3.467366946861148,-76.52981791645288,978.91,2025-04-08 21:29:57.194000+00:00,0.005946,5.931668,1.78,-0.09,0.0,54.76,-1.51
3.4676020592451096,-76.52965388260782,978.89,2025-04-08 21:29:58.983000+00:00,0.031751,5.963419,1.79,-0.02,0.0,54.76,-0.06
3.467837255448103,-76.52948984876275,978.83,2025-04-08 21:30:00.782000+00:00,0.031759,5.995178,1.8,-0.06,0.0,54.76,-0.19
3.468074966222048,-76.52932397089899,978.61,2025-04-08 21:30:02.590000+00:00,0.032104,6.027282,1.81,-0.22,0.0,54.76,-0.69
3.468189127743244,-76.52925129979849,978.55,2025-04-08 21:30:04.403000+00:00,0.014986,6.042267,1.81,-0.06,0.0,54.76,-0.4
3.4683109167963266,-76.52917393483222,978.53,2025-04-08 21:30:06.221000+00:00,0.015977,6.058244,1.82,-0.02,0.0,54.76,-0.13
3.4685032814741135,-76.52902398258448,978.91,2025-04-08 21:30:08.047000+00:00,0.02702,6.085265,1.83,0.38,0.38,55.14,1.41
3.4686969872564077,-76.52887294068933,979.28,2025-04-08 21:30:09.881000+00:00,0.027212,6.112477,1.83,0.37,0.37,55.51,1.36
3.4688853286206722,-76.52871896512806,979.5,2025-04-08 21:30:11.723000+00:00,0.026953,6.13943,1.84,0.22,0.22,55.73,0.82
3.4690749272704124,-76.52856398373842,979.51,2025-04-08 21:30:13.573000+00:00,0.027131,6.166561,1.85,0.01,0.01,55.74,0.04
3.469168972223997,-76.52848695404828,979.59,2025-04-08 21:30:15.427000+00:00,0.013469,6.18003,1.85,0.08,0.08,55.82,0.59
3.469327976927161,-76.52834798209369,979.71,2025-04-08 21:30:17.288000+00:00,0.023401,6.203431,1.86,0.12,0.12,55.94,0.51
3.469340968877077,-76.5283369179815,979.82,2025-04-08 21:30:19.150000+00:00,0.001891,6.205322,1.86,0.11,0.11,56.05,5.82
3.4695708006620407,-76.52819274924695,979.85,2025-04-08 21:30:21.021000+00:00,0.030042,6.235364,1.87,0.03,0.03,56.08,0.1
3.4698006324470043,-76.5280485805124,979.89,2025-04-08 21:30:22.901000+00:00,0.030042,6.265406,1.88,0.04,0.04,56.12,0.13
3.470030464231968,-76.52790441177785,979.97,2025-04-08 21:30:24.790000+00:00,0.030042,6.295448,1.89,0.08,0.08,56.2,0.27
3.470263984054327,-76.52775797992945,979.89,2025-04-08 21:30:26.688000+00:00,0.030521,6.325969,1.9,-0.08,0.0,56.2,-0.26
3.4704349748790264,-76.52764993719757,979.93,2025-04-08 21:30:28.593000+00:00,0.022397,6.348366,1.91,0.04,0.04,56.24,0.18
3.4705849271267653,-76.5275649446994,980.0,2025-04-08 21:30:30.503000+00:00,0.019082,6.367448,1.91,0.07,0.07,56.31,0.37
3.4707359690219164,-76.52747894637287,980.22,2025-04-08 21:30:32.419000+00:00,0.019242,6.386691,1.92,0.22,0.22,56.53,1.14
3.470820961520076,-76.5274359472096,980.36,2025-04-08 21:30:34.338000+00:00,0.010543,6.397234,1.92,0.14,0.14,56.67,1.33
3.470863960683346,-76.52741398662329,980.39,2025-04-08 21:30:36.259000+00:00,0.005344,6.402578,1.92,0.03,0.03,56.7,0.56
3.470888938754797,-76.52739998884499,980.37,2025-04-08 21:30:38.181000+00:00,0.00317,6.405748,1.92,-0.02,0.0,56.7,-0.63
3.470971919596195,-76.52734994888306,980.35,2025-04-08 21:30:40.106000+00:00,0.010729,6.416477,1.93,-0.02,0.0,56.7,-0.19
3.471018522977829,-76.52732237242162,980.26,2025-04-08 21:30:42.033000+00:00,0.005996,6.422473,1.93,-0.09,0.0,56.7,-1.5
3.471207031980157,-76.5272110607475,980.11,2025-04-08 21:30:43.967000+00:00,0.024238,6.446711,1.93,-0.15,0.0,56.7,-0.62
3.4714439883828163,-76.52707099914551,979.72,2025-04-08 21:30:45.910000+00:00,0.030476,6.477187,1.94,-0.39,0.0,56.7,-1.28
3.471583379432559,-76.5269848331809,979.38,2025-04-08 21:30:47.859000+00:00,0.018145,6.495332,1.95,-0.34,0.0,56.7,-1.87
3.4717239439487457,-76.52689799666405,979.05,2025-04-08 21:30:49.813000+00:00,0.018295,6.513627,1.95,-0.33,0.0,56.7,-1.8
3.4718624129891396,-76.52681333944201,978.72,2025-04-08 21:30:51.773000+00:00,0.01797,6.531597,1.96,-0.33,0.0,56.7,-1.84
3.4720019716769457,-76.5267279278487,978.39,2025-04-08 21:30:53.738000+00:00,0.018117,6.549714,1.97,-0.33,0.0,56.7,-1.82
3.471998954191804,-76.52670194394886,978.03,2025-04-08 21:30:55.704000+00:00,0.002906,6.55262,1.97,-0.36,0.0,56.7,-12.39
3.471963917836547,-76.52638921514153,977.59,2025-04-08 21:30:57.680000+00:00,0.034965,6.587585,1.98,-0.44,0.0,56.7,-1.26
3.4719289653003216,-76.5260769892484,976.99,2025-04-08 21:30:59.667000+00:00,0.034908,6.622493,1.99,-0.6,0.0,56.7,-1.72
3.4719159733504057,-76.52595494873822,976.56,2025-04-08 21:31:01.658000+00:00,0.013637,6.63613,1.99,-0.43,0.0,56.7,-3.15
3.4716969542205334,-76.52588797733188,976.18,2025-04-08 21:31:03.657000+00:00,0.025336,6.661466,2.0,-0.38,0.0,56.7,-1.5
3.4714708104729652,-76.52581765316427,975.91,2025-04-08 21:31:05.663000+00:00,0.026199,6.687665,2.01,-0.27,0.0,56.7,-1.03
3.471244666725397,-76.52574732899666,975.71,2025-04-08 21:31:07.677000+00:00,0.026199,6.713864,2.01,-0.2,0.0,56.7,-0.76
3.471014918759465,-76.52567599900067,975.56,2025-04-08 21:31:09.699000+00:00,0.026613,6.740477,2.02,-0.15,0.0,56.7,-0.56
3.470723144710064,-76.52557650581002,975.45,2025-04-08 21:31:11.731000+00:00,0.034105,6.774582,2.03,-0.11,0.0,56.7,-0.32
3.470431286841631,-76.52547701261938,975.21,2025-04-08 21:31:13.774000+00:00,0.034114,6.808697,2.04,-0.24,0.0,56.7,-0.7
3.470134986564517,-76.52537592686713,974.85,2025-04-08 21:31:15.827000+00:00,0.034636,6.843333,2.05,-0.36,0.0,56.7,-1.04
3.4700279496610165,-76.52533292770386,974.58,2025-04-08 21:31:17.884000+00:00,0.012764,6.856097,2.06,-0.27,0.0,56.7,-2.12
3.4697919990867376,-76.52525992132723,974.38,2025-04-08 21:31:19.949000+00:00,0.027323,6.88342,2.06,-0.2,0.0,56.7,-0.73
3.4697489999234676,-76.52524692937732,974.28,2025-04-08 21:31:22.016000+00:00,0.004969,6.888389,2.07,-0.1,0.0,56.7,-2.01
3.4695549588650465,-76.52518297545612,974.19,2025-04-08 21:31:24.089000+00:00,0.022603,6.910992,2.07,-0.09,0.0,56.7,-0.4
3.469361923635006,-76.52511793188751,974.25,2025-04-08 21:31:26.169000+00:00,0.022536,6.933528,2.08,0.06,0.06,56.76,0.27
3.469191351905465,-76.52506470680237,974.3,2025-04-08 21:31:28.255000+00:00,0.019767,6.953295,2.09,0.05,0.05,56.81,0.25
3.4690189361572266,-76.52501097880304,974.41,2025-04-08 21:31:30.347000+00:00,0.019978,6.973273,2.09,0.11,0.11,56.92,0.55
3.4688196144998074,-76.52493964880705,974.48,2025-04-08 21:31:32.446000+00:00,0.023422,6.996696,2.1,0.07,0.07,56.99,0.3
3.468620292842388,-76.52486831881106,974.48,2025-04-08 21:31:34.552000+00:00,0.023422,7.020118,2.11,0.0,0.0,56.99,0.0
3.4684674069285393,-76.52481358498335,974.56,2025-04-08 21:31:36.663000+00:00,0.017967,7.038085,2.11,0.08,0.08,57.07,0.45
3.468417953699827,-76.52479598298669,974.76,2025-04-08 21:31:38.776000+00:00,0.005808,7.043892,2.11,0.2,0.2,57.27,3.44
3.468352658674121,-76.52477033436298,975.0,2025-04-08 21:31:40.892000+00:00,0.007762,7.051655,2.12,0.24,0.24,57.51,3.09
3.4683109167963266,-76.5247539896518,975.28,2025-04-08 21:31:43.009000+00:00,0.00496,7.056615,2.12,0.28,0.28,57.79,5.64
3.4681359864771366,-76.52468995191157,975.76,2025-04-08 21:31:45.132000+00:00,0.020611,7.077226,2.12,0.48,0.48,58.27,2.33
3.4679608047008514,-76.52462624944746,976.29,2025-04-08 21:31:47.261000+00:00,0.020624,7.09785,2.13,0.53,0.53,58.8,2.57
3.467783946543932,-76.52456196025014,976.8,2025-04-08 21:31:49.397000+00:00,0.020821,7.11867,2.14,0.51,0.51,59.31,2.45
3.4676029812544584,-76.52449599467218,977.16,2025-04-08 21:31:51.539000+00:00,0.021311,7.139981,2.14,0.36,0.36,59.67,1.69
3.4674259554594755,-76.52441997081041,977.44,2025-04-08 21:31:53.687000+00:00,0.02132,7.161302,2.15,0.28,0.28,59.95,1.31
3.4673019871115685,-76.52436699718237,977.63,2025-04-08 21:31:55.840000+00:00,0.014919,7.17622,2.15,0.19,0.19,60.14,1.27
3.4671049285680056,-76.5242219902575,977.84,2025-04-08 21:31:58.001000+00:00,0.027101,7.203321,2.16,0.21,0.21,60.35,0.77
3.4668949618935585,-76.52406692504883,977.92,2025-04-08 21:32:00.171000+00:00,0.028913,7.232234,2.17,0.08,0.08,60.43,0.28
3.466615928336978,-76.52393792755902,977.95,2025-04-08 21:32:02.351000+00:00,0.034022,7.266256,2.18,0.03,0.03,60.46,0.09
3.4664749447256327,-76.52393792755902,978.05,2025-04-08 21:32:04.536000+00:00,0.01559,7.281845,2.19,0.1,0.1,60.56,0.64
3.4664649702608585,-76.52393792755902,978.08,2025-04-08 21:32:06.721000+00:00,0.001103,7.282948,2.19,0.03,0.03,60.59,2.72
3.466293979436159,-76.52400297112763,978.09,2025-04-08 21:32:08.912000+00:00,0.020242,7.30319,2.19,0.01,0.01,60.6,0.05
3.4661509841680527,-76.52413096278906,978.04,2025-04-08 21:32:11.109000+00:00,0.021267,7.324458,2.2,-0.05,0.0,60.6,-0.24
3.466078983619809,-76.52419592253864,977.97,2025-04-08 21:32:13.310000+00:00,0.010747,7.335204,2.2,-0.07,0.0,60.6,-0.65
3.465949986129999,-76.5243239980191,977.91,2025-04-08 21:32:15.517000+00:00,0.02015,7.355354,2.21,-0.06,0.0,60.6,-0.3
3.4657999500632286,-76.52438895776868,977.76,2025-04-08 21:32:17.729000+00:00,0.018093,7.373447,2.21,-0.15,0.0,60.6,-0.83
3.4655639994889498,-76.52436699718237,977.5,2025-04-08 21:32:19.949000+00:00,0.026205,7.399652,2.22,-0.26,0.0,60.6,-0.99
3.4653499256819487,-76.5242169611156,977.24,2025-04-08 21:32:22.178000+00:00,0.028953,7.428605,2.23,-0.26,0.0,60.6,-0.9
3.465247917920351,-76.52424797415733,977.21,2025-04-08 21:32:24.410000+00:00,0.011795,7.440399,2.23,-0.03,0.0,60.6,-0.25
3.4650709759444,-76.52430295944214,977.22,2025-04-08 21:32:26.648000+00:00,0.020498,7.460897,2.24,0.01,0.01,60.61,0.05
3.4648997336626053,-76.52441938407719,977.23,2025-04-08 21:32:28.893000+00:00,0.022933,7.48383,2.25,0.01,0.01,60.62,0.04
3.4646629448980093,-76.52458199299872,977.69,2025-04-08 21:32:42.373000+00:00,0.031813,7.515643,13.48,0.46,0.46,61.08,1.45
3.4645769465714693,-76.52464594691992,977.95,2025-04-08 21:32:44.631000+00:00,0.011871,7.527515,2.26,0.26,0.26,61.34,2.19
3.464379133656621,-76.5247957315296,978.38,2025-04-08 21:32:46.898000+00:00,0.027486,7.555001,2.27,0.43,0.43,61.77,1.56
3.4641813207417727,-76.52494543232024,978.89,2025-04-08 21:32:49.173000+00:00,0.02748,7.582481,2.27,0.51,0.51,62.28,1.86
3.4639835078269243,-76.52509521692991,979.0,2025-04-08 21:32:51.456000+00:00,0.027486,7.609967,2.28,0.11,0.11,62.39,0.4
3.4637829288840294,-76.52524692937732,979.11,2025-04-08 21:32:53.747000+00:00,0.027859,7.637826,2.29,0.11,0.11,62.5,0.39
3.4635372553020716,-76.5254392940551,979.49,2025-04-08 21:32:56.049000+00:00,0.034567,7.672393,2.3,0.38,0.38,62.88,1.1
3.463289989158511,-76.5256329998374,980.03,2025-04-08 21:32:58.361000+00:00,0.034798,7.707191,2.31,0.54,0.54,63.42,1.55
3.463203990831971,-76.52567599900067,980.38,2025-04-08 21:33:00.676000+00:00,0.010642,7.717833,2.31,0.35,0.35,63.77,3.29
3.4631399530917406,-76.52571899816394,980.72,2025-04-08 21:33:02.994000+00:00,0.008542,7.726376,2.32,0.34,0.34,64.11,3.98
3.4629117138683796,-76.52589007280767,981.01,2025-04-08 21:33:05.321000+00:00,0.031596,7.757972,2.33,0.29,0.29,64.4,0.92
3.4626835584640503,-76.5260611474514,981.31,2025-04-08 21:33:07.658000+00:00,0.031589,7.789561,2.34,0.3,0.3,64.7,0.95
3.4624529723078012,-76.5262339822948,981.71,2025-04-08 21:33:10.005000+00:00,0.031921,7.821482,2.35,0.4,0.4,65.1,1.25
3.4622223023325205,-76.5263978485018,981.97,2025-04-08 21:33:12.361000+00:00,0.031339,7.852822,2.36,0.26,0.26,65.36,0.83
3.4619899559766054,-76.52656297199428,982.11,2025-04-08 21:33:14.726000+00:00,0.031571,7.884393,2.37,0.14,0.14,65.5,0.44
3.4617879521101713,-76.52670596726239,982.49,2025-04-08 21:33:17.100000+00:00,0.027412,7.911805,2.37,0.38,0.38,65.88,1.39
3.461808990687132,-76.52674896642566,982.84,2025-04-08 21:33:19.475000+00:00,0.005314,7.917119,2.38,0.35,0.35,66.23,6.59
3.4617449529469013,-76.52679196558893,983.27,2025-04-08 21:33:21.853000+00:00,0.008542,7.925662,2.38,0.43,0.43,66.66,5.03
3.4617099165916443,-76.52680998668075,983.72,2025-04-08 21:33:24.232000+00:00,0.004361,7.930023,2.38,0.45,0.45,67.11,10.32
3.4617019537836313,-76.52681392617524,984.19,2025-04-08 21:33:26.611000+00:00,0.000983,7.931006,2.38,0.47,0.47,67.58,47.8
3.461466757580638,-76.52699204161763,984.69,2025-04-08 21:33:29+00:00,0.032682,7.963688,2.39,0.5,0.5,68.08,1.53
3.4612315613776445,-76.527170073241,985.38,2025-04-08 21:33:31.399000+00:00,0.032676,7.996365,2.4,0.69,0.69,68.77,2.11
3.4609939344227314,-76.52734994888306,986.17,2025-04-08 21:33:33.808000+00:00,0.033014,8.029379,2.41,0.79,0.79,69.56,2.39
3.4609079360961914,-76.52741398662329,986.86,2025-04-08 21:33:36.220000+00:00,0.011877,8.041256,2.41,0.69,0.69,70.25,5.81
3.460898296907544,-76.52742044068873,987.49,2025-04-08 21:33:38.633000+00:00,0.001285,8.042541,2.41,0.63,0.63,70.88,49.04
3.4608439821749926,-76.52745698578656,988.19,2025-04-08 21:33:41.048000+00:00,0.00725,8.049791,2.42,0.7,0.7,71.58,9.66
3.4608009830117226,-76.5274359472096,988.87,2025-04-08 21:33:43.465000+00:00,0.005298,8.055089,2.42,0.68,0.68,72.26,12.83
3.4606719855219126,-76.52752194553614,989.7,2025-04-08 21:33:45.887000+00:00,0.017169,8.072258,2.42,0.83,0.83,73.09,4.83
3.460521949455142,-76.52762898243964,990.41,2025-04-08 21:33:48.315000+00:00,0.020414,8.092672,2.43,0.71,0.71,73.8,3.48
3.460435951128602,-76.52769293636084,991.04,2025-04-08 21:33:50.746000+00:00,0.011872,8.104544,2.43,0.63,0.63,74.43,5.31
3.460328998044133,-76.52775797992945,991.7,2025-04-08 21:33:53.182000+00:00,0.01386,8.118404,2.44,0.66,0.66,75.09,4.76
3.4602004196494818,-76.52785412035882,992.4,2025-04-08 21:33:55.623000+00:00,0.017784,8.136188,2.44,0.7,0.7,75.79,3.94
3.4600709192454815,-76.52795093134046,993.14,2025-04-08 21:33:58.069000+00:00,0.01791,8.154098,2.45,0.74,0.74,76.53,4.13
3.4598250780254602,-76.52813256718218,994.02,2025-04-08 21:34:00.525000+00:00,0.033858,8.187956,2.46,0.88,0.88,77.41,2.6
3.4595791529864073,-76.52831420302391,994.98,2025-04-08 21:34:02.992000+00:00,0.033865,8.221822,2.47,0.96,0.96,78.37,2.83
3.459333311766386,-76.52849583886564,995.71,2025-04-08 21:34:05.469000+00:00,0.033858,8.25568,2.48,0.73,0.73,79.1,2.16
3.4590839501470327,-76.52867998927832,996.41,2025-04-08 21:34:07.956000+00:00,0.034337,8.290017,2.49,0.7,0.7,79.8,2.04
3.4589099418371916,-76.52880907058716,997.23,2025-04-08 21:34:10.450000+00:00,0.023999,8.314016,2.49,0.82,0.82,80.62,3.42
3.4587347600609064,-76.52893907390535,998.88,2025-04-08 21:34:12.952000+00:00,0.024165,8.338181,2.5,1.65,1.65,82.27,6.83
3.458541389554739,-76.52907779440284,1000.63,2025-04-08 21:34:15.461000+00:00,0.026359,8.36454,2.51,1.75,1.75,84.02,6.64
3.4583480190485716,-76.52921651490033,1001.78,2025-04-08 21:34:17.978000+00:00,0.026359,8.390899,2.52,1.15,1.15,85.17,4.36
3.4581525530666113,-76.52935682795942,1002.46,2025-04-08 21:34:20.503000+00:00,0.026651,8.41755,2.52,0.68,0.68,85.85,2.55
3.458101423457265,-76.5293940436095,1002.97,2025-04-08 21:34:23.030000+00:00,0.007005,8.424555,2.53,0.51,0.51,86.36,7.28
3.458076696842909,-76.529421787709,1003.31,2025-04-08 21:34:25.559000+00:00,0.004121,8.428676,2.53,0.34,0.34,86.7,8.25
3.458057753741741,-76.52945967391133,1003.47,2025-04-08 21:34:28.089000+00:00,0.004702,8.433378,2.53,0.16,0.16,86.86,3.4
3.458046270534396,-76.5295008290559,1003.5,2025-04-08 21:34:30.621000+00:00,0.004746,8.438124,2.53,0.03,0.03,86.89,0.63
3.4580405708402395,-76.52955422177911,1003.36,2025-04-08 21:34:33.154000+00:00,0.005966,8.44409,2.53,-0.14,0.0,86.89,-2.35
3.4580172691494226,-76.52979293838143,1002.95,2025-04-08 21:34:35.695000+00:00,0.026651,8.470741,2.54,-0.41,0.0,86.89,-1.54
3.45800444483757,-76.5299998037517,1002.14,2025-04-08 21:34:38.243000+00:00,0.02303,8.493771,2.55,-0.81,0.0,86.89,-3.52
3.4580010920763016,-76.53011891059577,1001.34,2025-04-08 21:34:40.795000+00:00,0.01324,8.507011,2.55,-0.8,0.0,86.89,-6.04
3.457994721829891,-76.5301985386759,1000.56,2025-04-08 21:34:43.350000+00:00,0.008876,8.515887,2.56,-0.78,0.0,86.89,-8.79
3.4579752758145332,-76.53031571768224,999.72,2025-04-08 21:34:45.909000+00:00,0.013197,8.529084,2.56,-0.84,0.0,86.89,-6.37
3.4578977432101965,-76.53056742623448,998.99,2025-04-08 21:34:48.477000+00:00,0.029254,8.558338,2.57,-0.73,0.0,86.89,-2.5
3.457819288596511,-76.5307149477303,998.43,2025-04-08 21:34:51.050000+00:00,0.018546,8.576885,2.57,-0.56,0.0,86.89,-3.02
3.4576418437063694,-76.53094000183046,997.97,2025-04-08 21:34:53.633000+00:00,0.031787,8.608671,2.58,-0.46,0.0,86.89,-1.45
3.457553330808878,-76.53103748336434,997.55,2025-04-08 21:34:56.220000+00:00,0.014599,8.62327,2.59,-0.42,0.0,86.89,-2.88
3.4573882911354303,-76.53119464404881,997.21,2025-04-08 21:34:58.815000+00:00,0.025259,8.648529,2.6,-0.34,0.0,86.89,-1.35
3.457256192341447,-76.53131400234997,996.86,2025-04-08 21:35:01.416000+00:00,0.01973,8.66826,2.6,-0.35,0.0,86.89,-1.77
3.4571768157184124,-76.53138600289822,996.56,2025-04-08 21:35:04.020000+00:00,0.011876,8.680136,2.6,-0.3,0.0,86.89,-2.53
3.457032982259989,-76.53154492378235,996.49,2025-04-08 21:35:06.631000+00:00,0.023766,8.703902,2.61,-0.07,0.0,86.89,-0.29
3.4568787552416325,-76.5317216143012,996.41,2025-04-08 21:35:09.250000+00:00,0.026006,8.729908,2.62,-0.08,0.0,86.89,-0.31
3.456723941490054,-76.53189897537231,996.11,2025-04-08 21:35:11.877000+00:00,0.026105,8.756013,2.63,-0.3,0.0,86.89,-1.15
3.456680690869689,-76.53195270337164,996.0,2025-04-08 21:35:14.506000+00:00,0.00765,8.763662,2.63,-0.11,0.0,86.89,-1.44
3.45658496953547,-76.53207197785378,995.98,2025-04-08 21:35:17.140000+00:00,0.016962,8.780624,2.63,-0.02,0.0,86.89,-0.12
3.456551944836974,-76.53211397118866,996.06,2025-04-08 21:35:19.776000+00:00,0.005925,8.786549,2.64,0.08,0.08,86.97,1.35
3.4564879909157753,-76.53219896368682,996.21,2025-04-08 21:35:22.416000+00:00,0.011799,8.798348,2.64,0.15,0.15,87.12,1.27
3.4563915990293026,-76.53233223594725,996.48,2025-04-08 21:35:25.061000+00:00,0.018246,8.816594,2.65,0.27,0.27,87.39,1.48
3.4562949556857347,-76.53246592730284,996.81,2025-04-08 21:35:27.712000+00:00,0.0183,8.834894,2.65,0.33,0.33,87.72,1.8
3.456291938200593,-76.53246995061636,997.15,2025-04-08 21:35:30.363000+00:00,0.000558,8.835452,2.65,0.34,0.34,88.06,60.95
3.4562089573591948,-76.53258595615625,997.58,2025-04-08 21:35:33.018000+00:00,0.015823,8.851274,2.65,0.43,0.43,88.49,2.72
3.456058921292424,-76.53279994614422,998.03,2025-04-08 21:35:35.682000+00:00,0.028994,8.880268,2.66,0.45,0.45,88.94,1.55
3.4560369607061148,-76.53282199054956,998.53,2025-04-08 21:35:38.347000+00:00,0.003449,8.883718,2.67,0.5,0.5,89.44,14.5
3.4560069534927607,-76.53286691755056,999.08,2025-04-08 21:35:41.014000+00:00,0.005994,8.889712,2.67,0.55,0.55,89.99,9.18
3.4558936301618814,-76.53303723782301,999.71,2025-04-08 21:35:43.688000+00:00,0.022698,8.91241,2.67,0.63,0.63,90.62,2.78
3.4557799715548754,-76.53320797719061,1000.29,2025-04-08 21:35:46.369000+00:00,0.022758,8.935168,2.68,0.58,0.58,91.2,2.55
3.4557439293712378,-76.5332589391619,1000.91,2025-04-08 21:35:49.052000+00:00,0.006925,8.942093,2.68,0.62,0.62,91.82,8.95
3.455611662939191,-76.53344769962132,1001.68,2025-04-08 21:35:51.742000+00:00,0.025571,8.967663,2.69,0.77,0.77,92.59,3.01
3.4554789774119854,-76.53363696299493,1002.56,2025-04-08 21:35:54.440000+00:00,0.025643,8.993306,2.7,0.88,0.88,93.47,3.43
3.455461962148547,-76.53365992940962,1003.18,2025-04-08 21:35:57.139000+00:00,0.003171,8.996477,2.7,0.62,0.62,94.09,19.55
3.455414939671755,-76.53372296132147,1003.78,2025-04-08 21:35:59.841000+00:00,0.008723,9.0052,2.7,0.6,0.6,94.69,6.88
3.455267921090126,-76.53396796435118,1004.37,2025-04-08 21:36:02.552000+00:00,0.031709,9.036909,2.71,0.59,0.59,95.28,1.86
3.455221988260746,-76.53404499404132,1004.92,2025-04-08 21:36:05.266000+00:00,0.009953,9.046862,2.71,0.55,0.55,95.83,5.53
3.455216959118843,-76.53405169956386,1005.43,2025-04-08 21:36:07.980000+00:00,0.00093,9.047792,2.71,0.51,0.51,96.34,54.85
3.4551479760557413,-76.53414499014616,1005.9,2025-04-08 21:36:10.698000+00:00,0.01287,9.060662,2.72,0.47,0.47,96.81,3.65
3.4550209902226925,-76.53431799262762,1006.47,2025-04-08 21:36:13.423000+00:00,0.023806,9.084468,2.73,0.57,0.57,97.38,2.39
3.4549779910594225,-76.53437691740692,1006.89,2025-04-08 21:36:16.151000+00:00,0.008092,9.09256,2.73,0.42,0.42,97.8,5.19
3.454864164814353,-76.53453223407269,1007.3,2025-04-08 21:36:18.885000+00:00,0.021361,9.113921,2.73,0.41,0.41,98.21,1.92
3.454749919474125,-76.53468796983361,1007.51,2025-04-08 21:36:21.626000+00:00,0.021426,9.135346,2.74,0.21,0.21,98.42,0.98
3.454721923917532,-76.53472099453211,1007.67,2025-04-08 21:36:24.368000+00:00,0.004801,9.140147,2.74,0.16,0.16,98.58,3.33
3.4546181559562683,-76.53484370559454,1007.7,2025-04-08 21:36:27.115000+00:00,0.017821,9.157969,2.75,0.03,0.03,98.61,0.17
3.454513968899846,-76.53496691957116,1007.68,2025-04-08 21:36:29.868000+00:00,0.017894,9.175862,2.75,-0.02,0.0,98.61,-0.11
3.4543209336698055,-76.53518199920654,1007.33,2025-04-08 21:36:32.630000+00:00,0.032044,9.207906,2.76,-0.35,0.0,98.61,-1.09
3.4541689697653055,-76.53533295728266,1007.22,2025-04-08 21:36:35.400000+00:00,0.023743,9.231649,2.77,-0.11,0.0,98.61,-0.46
3.454098980873823,-76.53540294617414,1007.3,2025-04-08 21:36:38.173000+00:00,0.010972,9.242621,2.77,0.08,0.08,98.69,0.73
3.4539559856057167,-76.53554694727063,1007.46,2025-04-08 21:36:40.953000+00:00,0.022496,9.265117,2.78,0.16,0.16,98.85,0.71
3.4537259861826897,-76.53575892560184,1007.54,2025-04-08 21:36:43.743000+00:00,0.034665,9.299782,2.79,0.08,0.08,98.93,0.23
3.453676952049136,-76.53580393642187,1007.47,2025-04-08 21:36:46.535000+00:00,0.007377,9.307159,2.79,-0.07,0.0,98.93,-0.95
3.453502943739295,-76.53589094057679,1007.28,2025-04-08 21:36:49.334000+00:00,0.021534,9.328692,2.8,-0.19,0.0,98.93,-0.88
3.453332958742976,-76.53597593307495,1007.05,2025-04-08 21:36:52.139000+00:00,0.021036,9.349728,2.81,-0.23,0.0,98.93,-1.09
3.4531473834067583,-76.5359903499484,1007.02,2025-04-08 21:36:54.950000+00:00,0.020583,9.370311,2.81,-0.03,0.0,98.93,-0.15
3.453008746728301,-76.5359887573868,1006.98,2025-04-08 21:36:57.766000+00:00,0.015331,9.385642,2.82,-0.04,0.0,98.93,-0.26
3.4528502449393272,-76.53600057587028,1006.95,2025-04-08 21:37:00.587000+00:00,0.017576,9.403218,2.82,-0.03,0.0,98.93,-0.17
3.4527329821139574,-76.53603997081518,1006.91,2025-04-08 21:37:03.412000+00:00,0.013686,9.416904,2.83,-0.04,0.0,98.93,-0.29
3.452685959637165,-76.5360749233514,1006.79,2025-04-08 21:37:06.239000+00:00,0.00649,9.423394,2.83,-0.12,0.0,98.93,-1.85
3.452494265511632,-76.53626276180148,1006.55,2025-04-08 21:37:09.075000+00:00,0.029749,9.453143,2.84,-0.24,0.0,98.93,-0.81
3.452306929975748,-76.53642998076975,1006.27,2025-04-08 21:37:11.919000+00:00,0.027828,9.480971,2.84,-0.28,0.0,98.93,-1.01
3.4521981328725815,-76.53655671514571,1006.04,2025-04-08 21:37:14.769000+00:00,0.018522,9.499492,2.85,-0.23,0.0,98.93,-1.24
3.4520889166742563,-76.53668395243585,1005.89,2025-04-08 21:37:17.625000+00:00,0.018594,9.518087,2.86,-0.15,0.0,98.93,-0.81
3.4519686363637447,-76.53685469180346,1005.89,2025-04-08 21:37:20.487000+00:00,0.02317,9.541257,2.86,0.0,0.0,98.93,0.0
3.4518479369580746,-76.53702593408525,1005.89,2025-04-08 21:37:23.356000+00:00,0.023242,9.564499,2.87,0.0,0.0,98.93,0.0
3.4516809694468975,-76.53726297430694,1005.89,2025-04-08 21:37:26.235000+00:00,0.032166,9.596665,2.88,0.0,0.0,98.93,0.0
3.4515789616853,-76.53747595846653,1005.82,2025-04-08 21:37:29.122000+00:00,0.026217,9.622882,2.89,-0.07,0.0,98.93,-0.27
3.45149053260684,-76.53765935450792,1006.15,2025-04-08 21:37:32.016000+00:00,0.022603,9.645486,2.89,0.33,0.33,99.26,1.46
3.451401935890317,-76.53784291818738,1006.59,2025-04-08 21:37:34.917000+00:00,0.022628,9.668114,2.9,0.44,0.44,99.7,1.94
3.4513049572706223,-76.53804391622543,1007.11,2025-04-08 21:37:37.825000+00:00,0.024776,9.69289,2.91,0.52,0.52,100.22,2.1
3.4512035362422466,-76.53825438581407,1007.33,2025-04-08 21:37:40.741000+00:00,0.025937,9.718827,2.92,0.22,0.22,100.44,0.85
3.4511019475758076,-76.53846493922174,1007.35,2025-04-08 21:37:43.665000+00:00,0.025954,9.74478,2.92,0.02,0.02,100.46,0.08
3.451074957847595,-76.53851891867816,1007.32,2025-04-08 21:37:46.591000+00:00,0.0067,9.75148,2.93,-0.03,0.0,100.46,-0.45
3.451036987826228,-76.53859393671155,1007.23,2025-04-08 21:37:49.519000+00:00,0.009334,9.760813,2.93,-0.09,0.0,100.46,-0.96
3.4509729500859976,-76.53876543045044,1006.95,2025-04-08 21:37:52.453000+00:00,0.020329,9.781143,2.93,-0.28,0.0,100.46,-1.38
3.4509089961647987,-76.53893692418933,1006.62,2025-04-08 21:37:55.394000+00:00,0.020326,9.801469,2.94,-0.33,0.0,100.46,-1.62
3.450902458280325,-76.53912208043039,1006.26,2025-04-08 21:37:58.341000+00:00,0.020587,9.822056,2.95,-0.36,0.0,100.46,-1.75
3.450895920395851,-76.53930698521435,1005.93,2025-04-08 21:38:01.294000+00:00,0.020559,9.842615,2.95,-0.33,0.0,100.46,-1.61
3.4509002789855003,-76.53950680978596,1005.57,2025-04-08 21:38:04.254000+00:00,0.02221,9.864825,2.96,-0.36,0.0,100.46,-1.62
3.4509110916405916,-76.53979992493987,1005.16,2025-04-08 21:38:07.223000+00:00,0.032593,9.897417,2.97,-0.41,0.0,100.46,-1.26
3.450893322005868,-76.53996085748076,1004.91,2025-04-08 21:38:10.198000+00:00,0.01799,9.915408,2.98,-0.25,0.0,100.46,-1.39
3.450875636190176,-76.54012145474553,1004.84,2025-04-08 21:38:13.178000+00:00,0.017952,9.93336,2.98,-0.07,0.0,100.46,-0.39
3.450824422761798,-76.54021080583334,1004.74,2025-04-08 21:38:16.162000+00:00,0.01143,9.94479,2.98,-0.1,0.0,100.46,-0.87
3.45073658041656,-76.5402683056891,1004.65,2025-04-08 21:38:19.149000+00:00,0.011626,9.956416,2.99,-0.09,0.0,100.46,-0.77
3.4506722074002028,-76.54030392877758,1004.57,2025-04-08 21:38:22.138000+00:00,0.008145,9.964561,2.99,-0.08,0.0,100.46,-0.98
3.4506316389888525,-76.54029328376055,1004.39,2025-04-08 21:38:25.129000+00:00,0.004639,9.969201,2.99,-0.18,0.0,100.46,-3.88
3.450585873797536,-76.54025858268142,1004.23,2025-04-08 21:38:28.122000+00:00,0.006362,9.975563,2.99,-0.16,0.0,100.46,-2.51
3.450549077242613,-76.54012489132583,1003.97,2025-04-08 21:38:31.119000+00:00,0.015403,9.990966,3.0,-0.26,0.0,100.46,-1.69
3.4505256917327642,-76.54001533985138,1003.8,2025-04-08 21:38:34.120000+00:00,0.012445,10.003411,3.0,-0.17,0.0,100.46,-1.37
3.450491661205888,-76.53981501236558,1004.06,2025-04-08 21:38:46.131000+00:00,0.022576,10.025987,12.01,0.26,0.26,100.72,1.15
3.4504869673401117,-76.53960764408112,1004.31,2025-04-08 21:38:49.146000+00:00,0.023048,10.049035,3.02,0.25,0.25,100.97,1.08
3.4504879731684923,-76.53959163464606,1004.49,2025-04-08 21:38:52.161000+00:00,0.001782,10.050817,3.02,0.18,0.18,101.15,10.1
3.4504896495491266,-76.53956615366042,1004.71,2025-04-08 21:38:55.177000+00:00,0.002837,10.053655,3.02,0.22,0.22,101.37,7.75
3.4504908230155706,-76.53954821638763,1004.95,2025-04-08 21:38:58.194000+00:00,0.001997,10.055652,3.02,0.24,0.24,101.61,12.02
3.4505070839077234,-76.53930321335793,1005.16,2025-04-08 21:39:01.219000+00:00,0.027284,10.082936,3.02,0.21,0.21,101.82,0.77
3.4505097661167383,-76.53907765634358,1005.37,2025-04-08 21:39:04.251000+00:00,0.025065,10.108001,3.03,0.21,0.21,102.03,0.84
3.450520746409893,-76.53877221979201,1005.84,2025-04-08 21:39:07.294000+00:00,0.033962,10.141963,3.04,0.47,0.47,102.5,1.38
3.450528122484684,-76.5385932661593,1006.29,2025-04-08 21:39:10.343000+00:00,0.019902,10.161865,3.05,0.45,0.45,102.95,2.26
3.450535498559475,-76.53841464780271,1006.54,2025-04-08 21:39:13.398000+00:00,0.019865,10.18173,3.06,0.25,0.25,103.2,1.26
3.450538432225585,-76.53832328505814,1006.84,2025-04-08 21:39:16.456000+00:00,0.010157,10.191887,3.06,0.3,0.3,103.5,2.95
3.450545473024249,-76.53818615712225,1007.15,2025-04-08 21:39:19.518000+00:00,0.015257,10.207144,3.06,0.31,0.31,103.81,2.03
3.450521919876337,-76.53812077827752,1007.49,2025-04-08 21:39:22.583000+00:00,0.007718,10.214862,3.06,0.34,0.34,104.15,4.41
3.4504914935678244,-76.53805732727051,1007.83,2025-04-08 21:39:25.650000+00:00,0.007812,10.222674,3.07,0.34,0.34,104.49,4.35
3.4504207503050566,-76.53799479827285,1008.16,2025-04-08 21:39:28.720000+00:00,0.010463,10.233137,3.07,0.33,0.33,104.82,3.15
3.450344894081354,-76.53794140554965,1008.5,2025-04-08 21:39:31.793000+00:00,0.010274,10.243411,3.07,0.34,0.34,105.16,3.31
3.4501176606863737,-76.5378331951797,1009.0,2025-04-08 21:39:34.874000+00:00,0.027856,10.271267,3.08,0.5,0.5,105.66,1.79
3.449890511110425,-76.53772498480976,1009.31,2025-04-08 21:39:37.964000+00:00,0.027848,10.299115,3.09,0.31,0.31,105.97,1.11
3.449660176411271,-76.53761534951627,1009.36,2025-04-08 21:39:41.062000+00:00,0.028234,10.327348,3.1,0.05,0.05,106.02,0.18
3.4494621120393276,-76.53753412887454,1009.39,2025-04-08 21:39:44.167000+00:00,0.023688,10.351037,3.1,0.03,0.03,106.05,0.13
3.449262036010623,-76.53745207004249,1009.51,2025-04-08 21:39:47.280000+00:00,0.023929,10.374966,3.11,0.12,0.12,106.17,0.5
3.4490945655852556,-76.53738275170326,1009.53,2025-04-08 21:39:50.399000+00:00,0.020057,10.395023,3.12,0.02,0.02,106.19,0.1
3.448925418779254,-76.53731267899275,1009.46,2025-04-08 21:39:53.524000+00:00,0.02026,10.415283,3.12,-0.07,0.0,106.19,-0.35
3.4487799927592278,-76.5372509881854,1009.26,2025-04-08 21:39:56.654000+00:00,0.017481,10.432764,3.13,-0.2,0.0,106.19,-1.14
3.4485883824527264,-76.53718837536871,1008.97,2025-04-08 21:39:59.791000+00:00,0.022301,10.455065,3.14,-0.29,0.0,106.19,-1.3
3.448394760489464,-76.5371251758188,1008.55,2025-04-08 21:40:02.934000+00:00,0.022533,10.477597,3.14,-0.42,0.0,106.19,-1.86
3.44824799336493,-76.5370699390769,1008.04,2025-04-08 21:40:06.083000+00:00,0.017351,10.494949,3.15,-0.51,0.0,106.19,-2.94
3.4481839556246996,-76.53704898431897,1007.49,2025-04-08 21:40:09.234000+00:00,0.007454,10.502403,3.15,-0.55,0.0,106.19,-7.38
3.44811899587512,-76.53702693991363,1006.84,2025-04-08 21:40:12.387000+00:00,0.007589,10.509992,3.15,-0.65,0.0,106.19,-8.56
3.4479250386357307,-76.53698318637908,1006.16,2025-04-08 21:40:15.547000+00:00,0.021992,10.531984,3.16,-0.68,0.0,106.19,-3.09
3.4477289859205484,-76.53693892993033,1005.52,2025-04-08 21:40:18.713000+00:00,0.02223,10.554214,3.17,-0.64,0.0,106.19,-2.88
3.447442911565304,-76.53687656857073,1004.8,2025-04-08 21:40:21.889000+00:00,0.032384,10.586597,3.18,-0.72,0.0,106.19,-2.22
3.4471537359058857,-76.53681345283985,1003.74,2025-04-08 21:40:25.075000+00:00,0.032737,10.619334,3.19,-1.06,0.0,106.19,-3.24
3.4468863531947136,-76.53676056303084,1002.37,2025-04-08 21:40:28.270000+00:00,0.030145,10.649479,3.19,-1.37,0.0,106.19,-4.54
3.4466159529983997,-76.53670717030764,1000.99,2025-04-08 21:40:31.474000+00:00,0.030483,10.679962,3.2,-1.38,0.0,106.19,-4.53
3.446430377662182,-76.53670080006123,999.91,2025-04-08 21:40:34.684000+00:00,0.020533,10.700495,3.21,-1.08,0.0,106.19,-5.26
3.4462426230311394,-76.53669434599578,998.98,2025-04-08 21:40:37.900000+00:00,0.020774,10.721269,3.22,-0.93,0.0,106.19,-4.48
3.4460699558258057,-76.53668495826423,998.11,2025-04-08 21:40:41.122000+00:00,0.019122,10.740391,3.22,-0.87,0.0,106.19,-4.55
3.4457775950431824,-76.53665830381215,997.26,2025-04-08 21:40:44.354000+00:00,0.032464,10.772855,3.23,-0.85,0.0,106.19,-2.62
3.4454817976802588,-76.53663131408393,996.46,2025-04-08 21:40:47.596000+00:00,0.032846,10.805701,3.24,-0.8,0.0,106.19,-2.44
3.445321787148714,-76.5366415400058,995.59,2025-04-08 21:40:50.843000+00:00,0.01773,10.823431,3.25,-0.87,0.0,106.19,-4.91
3.4451599325984716,-76.53665193356574,994.73,2025-04-08 21:40:54.095000+00:00,0.017935,10.841366,3.25,-0.86,0.0,106.19,-4.8
3.4449989162385464,-76.53666785918176,993.89,2025-04-08 21:40:57.353000+00:00,0.017893,10.859259,3.26,-0.84,0.0,106.19,-4.69
3.4448359720408916,-76.53668395243585,993.1,2025-04-08 21:41:00.616000+00:00,0.018107,10.877365,3.26,-0.79,0.0,106.19,-4.36
3.444584934040904,-76.53670096769929,992.28,2025-04-08 21:41:03.888000+00:00,0.027824,10.905189,3.27,-0.82,0.0,106.19,-2.95
3.444513939321041,-76.53670499101281,991.61,2025-04-08 21:41:07.162000+00:00,0.007863,10.913052,3.27,-0.67,0.0,106.19,-8.52
3.4444069862365723,-76.53670499101281,990.98,2025-04-08 21:41:10.440000+00:00,0.011827,10.924879,3.28,-0.63,0.0,106.19,-5.33
3.444165335968137,-76.53671228326857,990.36,2025-04-08 21:41:13.726000+00:00,0.026734,10.951612,3.29,-0.62,0.0,106.19,-2.32
3.443923769518733,-76.53671957552433,989.91,2025-04-08 21:41:17.020000+00:00,0.026724,10.978337,3.29,-0.45,0.0,106.19,-1.68
3.4436779282987118,-76.53672695159912,989.52,2025-04-08 21:41:20.322000+00:00,0.027197,11.005534,3.3,-0.39,0.0,106.19,-1.43
3.443602994084358,-76.53672695159912,989.17,2025-04-08 21:41:23.626000+00:00,0.008286,11.01382,3.3,-0.35,0.0,106.19,-4.22
3.443405097350478,-76.53672695159912,988.94,2025-04-08 21:41:26.937000+00:00,0.021883,11.035703,3.31,-0.23,0.0,106.19,-1.05
3.4433033410459757,-76.53672695159912,988.7,2025-04-08 21:41:30.251000+00:00,0.011252,11.046955,3.31,-0.24,0.0,106.19,-2.13
3.443204937502742,-76.53672695159912,988.49,2025-04-08 21:41:33.568000+00:00,0.010881,11.057836,3.32,-0.21,0.0,106.19,-1.93
3.4430089686065912,-76.53671798296273,988.28,2025-04-08 21:41:36.892000+00:00,0.021693,11.079529,3.32,-0.21,0.0,106.19,-0.97
3.4427329525351524,-76.53670499101281,987.96,2025-04-08 21:41:40.225000+00:00,0.030556,11.110085,3.33,-0.32,0.0,106.19,-1.05
3.442498343065381,-76.53671588748693,987.81,2025-04-08 21:41:43.566000+00:00,0.025971,11.136055,3.34,-0.15,0.0,106.19,-0.58
3.442260967567563,-76.53672695159912,987.76,2025-04-08 21:41:46.915000+00:00,0.026277,11.162333,3.35,-0.05,0.0,106.19,-0.19
3.442021831870079,-76.53673390857875,987.51,2025-04-08 21:41:50.272000+00:00,0.026455,11.188787,3.36,-0.25,0.0,106.19,-0.95
3.4417799301445484,-76.53674094937742,987.07,2025-04-08 21:41:53.637000+00:00,0.026761,11.215548,3.37,-0.44,0.0,106.19,-1.64
3.441509949043393,-76.53674799017608,986.51,2025-04-08 21:41:57.011000+00:00,0.029864,11.245412,3.37,-0.56,0.0,106.19,-1.88
3.441346837207675,-76.53677925467491,986.15,2025-04-08 21:42:00.390000+00:00,0.018368,11.26378,3.38,-0.36,0.0,106.19,-1.96
3.441181965172291,-76.5368109382689,985.93,2025-04-08 21:42:03.775000+00:00,0.018568,11.282348,3.38,-0.22,0.0,106.19,-1.18
3.441059924662113,-76.53683398850262,985.73,2025-04-08 21:42:07.164000+00:00,0.013736,11.296084,3.39,-0.2,0.0,106.19,-1.46
3.440973926335573,-76.53685594908893,985.56,2025-04-08 21:42:10.556000+00:00,0.009818,11.305902,3.39,-0.17,0.0,106.19,-1.73
3.440717523917556,-76.53696273453534,985.45,2025-04-08 21:42:13.957000+00:00,0.030735,11.336637,3.4,-0.11,0.0,106.19,-0.36
3.4404611214995384,-76.53706960380077,985.3,2025-04-08 21:42:17.367000+00:00,0.030739,11.367377,3.41,-0.15,0.0,106.19,-0.49
3.440200947225094,-76.53717798180878,985.08,2025-04-08 21:42:20.787000+00:00,0.031189,11.398565,3.42,-0.22,0.0,106.19,-0.71
3.440005648881197,-76.53726724907756,984.84,2025-04-08 21:42:24.214000+00:00,0.023765,11.42233,3.43,-0.24,0.0,106.19,-1.01
3.439818983897567,-76.53734201565385,984.71,2025-04-08 21:42:27.647000+00:00,0.02225,11.44458,3.43,-0.13,0.0,106.19,-0.58
3.439578926190734,-76.53745114803314,984.61,2025-04-08 21:42:31.089000+00:00,0.029184,11.473764,3.44,-0.1,0.0,106.19,-0.34
3.439338868483901,-76.5375601965934,984.4,2025-04-08 21:42:34.540000+00:00,0.02918,11.502944,3.45,-0.21,0.0,106.19,-0.72
3.4390954580157995,-76.53767075389624,984.06,2025-04-08 21:42:38+00:00,0.029587,11.532532,3.46,-0.34,0.0,106.19,-1.15
3.4388468507677317,-76.53779648244381,983.79,2025-04-08 21:42:41.469000+00:00,0.030837,11.563369,3.47,-0.27,0.0,106.19,-0.88
3.438707124441862,-76.53787393122911,983.58,2025-04-08 21:42:44.943000+00:00,0.017686,11.581054,3.47,-0.21,0.0,106.19,-1.19
3.438566140830517,-76.53795205056667,983.35,2025-04-08 21:42:48.423000+00:00,0.017844,11.598898,3.48,-0.23,0.0,106.19,-1.29
3.438427923247218,-76.53806881047785,983.11,2025-04-08 21:42:51.909000+00:00,0.020048,11.618946,3.49,-0.24,0.0,106.19,-1.2
3.4382888674736023,-76.53818624094129,982.85,2025-04-08 21:42:55.401000+00:00,0.020167,11.639113,3.49,-0.26,0.0,106.19,-1.29
3.4381270967423916,-76.53831808827817,982.63,2025-04-08 21:42:58.900000+00:00,0.023122,11.662236,3.5,-0.22,0.0,106.19,-0.95
3.437947304919362,-76.53845605440438,982.34,2025-04-08 21:43:02.406000+00:00,0.025106,11.687341,3.51,-0.29,0.0,106.19,-1.16
3.437828114256263,-76.53854339383543,982.04,2025-04-08 21:43:05.917000+00:00,0.016368,11.703709,3.51,-0.3,0.0,106.19,-1.83
3.437701379880309,-76.53860324062407,981.71,2025-04-08 21:43:09.433000+00:00,0.015512,11.719221,3.52,-0.33,0.0,106.19,-2.13
3.437587134540081,-76.53865336440504,981.36,2025-04-08 21:43:12.953000+00:00,0.013806,11.733027,3.52,-0.35,0.0,106.19,-2.54
3.4374859649688005,-76.53868731111288,981.0,2025-04-08 21:43:16.477000+00:00,0.011806,11.744833,3.52,-0.36,0.0,106.19,-3.05
3.4373275469988585,-76.53870751149952,980.68,2025-04-08 21:43:20.006000+00:00,0.017661,11.762494,3.53,-0.32,0.0,106.19,-1.81
3.437020182609558,-76.53870172798634,980.39,2025-04-08 21:43:23.545000+00:00,0.033994,11.796488,3.54,-0.29,0.0,106.19,-0.85
3.436834942549467,-76.53869032859802,980.05,2025-04-08 21:43:27.090000+00:00,0.020523,11.817011,3.54,-0.34,0.0,106.19,-1.66
3.436704520136118,-76.5386865567416,979.66,2025-04-08 21:43:30.640000+00:00,0.014428,11.831439,3.55,-0.39,0.0,106.19,-2.7
3.4365462698042393,-76.5386847127229,979.27,2025-04-08 21:43:34.195000+00:00,0.0175,11.848939,3.56,-0.39,0.0,106.19,-2.23
3.4362767916172743,-76.53869250789285,978.86,2025-04-08 21:43:37.759000+00:00,0.029811,11.87875,3.56,-0.41,0.0,106.19,-1.38
3.4360658191144466,-76.53870390728116,978.37,2025-04-08 21:43:41.330000+00:00,0.023363,11.902113,3.57,-0.49,0.0,106.19,-2.1
3.4358340594917536,-76.53870935551822,977.81,2025-04-08 21:43:44.908000+00:00,0.025635,11.927748,3.58,-0.56,0.0,106.19,-2.18
3.4355997014790773,-76.53871480375528,977.26,2025-04-08 21:43:48.494000+00:00,0.025922,11.95367,3.59,-0.55,0.0,106.19,-2.12
3.4354002960026264,-76.53873047791421,976.9,2025-04-08 21:43:52.087000+00:00,0.022119,11.975788,3.59,-0.36,0.0,106.19,-1.63
3.4351985435932875,-76.53874640353024,976.63,2025-04-08 21:43:55.687000+00:00,0.02238,11.998168,3.6,-0.27,0.0,106.19,-1.21
3.4348836354911327,-76.53875151649117,976.41,2025-04-08 21:43:59.297000+00:00,0.034827,12.032995,3.61,-0.22,0.0,106.19,-0.63
3.434739885851741,-76.5387539472431,976.03,2025-04-08 21:44:02.912000+00:00,0.015898,12.048892,3.62,-0.38,0.0,106.19,-2.39
3.4347299113869667,-76.53875419870019,975.15,2025-04-08 21:44:10.142000+00:00,0.001103,12.049996,7.23,-0.88,0.0,106.19,-79.76
3.4346020873636007,-76.53875654563308,974.61,2025-04-08 21:44:13.761000+00:00,0.014137,12.064133,3.62,-0.54,0.0,106.19,-3.82
3.434317270293832,-76.53876165859401,973.95,2025-04-08 21:44:17.390000+00:00,0.0315,12.095632,3.63,-0.66,0.0,106.19,-2.1
3.434062460437417,-76.53877859003842,973.43,2025-04-08 21:44:21.027000+00:00,0.028239,12.123872,3.64,-0.52,0.0,106.19,-1.84
3.4338075667619705,-76.53879560530186,972.94,2025-04-08 21:44:24.673000+00:00,0.028249,12.152121,3.65,-0.49,0.0,106.19,-1.73
3.4335527569055557,-76.5388126205653,972.44,2025-04-08 21:44:28.327000+00:00,0.02824,12.18036,3.65,-0.5,0.0,106.19,-1.77
3.433291995897889,-76.53882997110486,971.89,2025-04-08 21:44:31.990000+00:00,0.028899,12.209259,3.66,-0.55,0.0,106.19,-1.9
3.4331473242491484,-76.53883290477097,971.27,2025-04-08 21:44:35.658000+00:00,0.016001,12.22526,3.67,-0.62,0.0,106.19,-3.87
3.4329785127192736,-76.5388364251703,970.7,2025-04-08 21:44:39.331000+00:00,0.018671,12.243931,3.67,-0.57,0.0,106.19,-3.05
3.432665029540658,-76.53884296305478,970.14,2025-04-08 21:44:43.015000+00:00,0.034672,12.278603,3.68,-0.56,0.0,106.19,-1.62
3.432346098124981,-76.53884958475828,969.62,2025-04-08 21:44:46.709000+00:00,0.035275,12.313878,3.69,-0.52,0.0,106.19,-1.47
3.4320373088121414,-76.53886685147882,969.27,2025-04-08 21:44:50.414000+00:00,0.034199,12.348077,3.71,-0.35,0.0,106.19,-1.02
3.431724915280938,-76.53888428583741,969.11,2025-04-08 21:44:54.129000+00:00,0.034598,12.382675,3.71,-0.16,0.0,106.19,-0.46
3.4315263479948044,-76.53888151980937,968.86,2025-04-08 21:44:57.850000+00:00,0.021959,12.404635,3.72,-0.25,0.0,106.19,-1.14
3.4313254337757826,-76.53887875378132,968.63,2025-04-08 21:45:01.578000+00:00,0.022219,12.426853,3.73,-0.23,0.0,106.19,-1.04
3.4310763236135244,-76.53889484703541,968.59,2025-04-08 21:45:05.314000+00:00,0.027604,12.454458,3.74,-0.04,0.0,106.19,-0.14
3.4308272134512663,-76.5389109402895,968.69,2025-04-08 21:45:09.059000+00:00,0.027604,12.482062,3.75,0.1,0.1,106.29,0.36
3.4305780194699764,-76.53892694972456,968.7,2025-04-08 21:45:12.812000+00:00,0.027613,12.509675,3.75,0.01,0.01,106.3,0.04
3.43032312579453,-76.53894337825477,968.6,2025-04-08 21:45:35.338000+00:00,0.028245,12.537919,22.53,-0.1,0.0,106.3,-0.35
3.43014819547534,-76.53895201161504,968.55,2025-04-08 21:45:39.105000+00:00,0.019367,12.557287,3.77,-0.05,0.0,106.3,-0.26
3.4299712534993887,-76.5389606449753,968.43,2025-04-08 21:45:42.878000+00:00,0.019589,12.576876,3.77,-0.12,0.0,106.3,-0.61
3.4297565929591656,-76.53897170908749,968.33,2025-04-08 21:45:46.658000+00:00,0.023769,12.600645,3.78,-0.1,0.0,106.3,-0.42
3.4295419324189425,-76.53898277319968,968.24,2025-04-08 21:45:50.445000+00:00,0.023769,12.624413,3.79,-0.09,0.0,106.3,-0.38
3.429323500022292,-76.53899400494993,968.17,2025-04-08 21:45:54.240000+00:00,0.024186,12.648599,3.79,-0.07,0.0,106.3,-0.29
3.4290966019034386,-76.53899702243507,968.14,2025-04-08 21:45:58.042000+00:00,0.025092,12.673692,3.8,-0.03,0.0,106.3,-0.12
3.428874397650361,-76.53900733217597,968.16,2025-04-08 21:46:01.852000+00:00,0.024598,12.698289,3.81,0.02,0.02,106.32,0.08
3.4286495950073004,-76.5390177257359,968.11,2025-04-08 21:46:05.669000+00:00,0.024885,12.723174,3.82,-0.05,0.0,106.32,-0.2
3.4284342639148235,-76.53906055726111,968.05,2025-04-08 21:46:09.493000+00:00,0.024282,12.747456,3.82,-0.06,0.0,106.32,-0.25
3.4282189328223467,-76.53910338878632,967.99,2025-04-08 21:46:13.325000+00:00,0.024282,12.771738,3.83,-0.06,0.0,106.32,-0.25
3.427999997511506,-76.53914697468281,967.98,2025-04-08 21:46:17.164000+00:00,0.024689,12.796427,3.84,-0.01,0.0,106.32,-0.04
3.4278347063809633,-76.5392196457833,968.03,2025-04-08 21:46:21.009000+00:00,0.019982,12.81641,3.85,0.05,0.05,106.37,0.25
3.4276679903268814,-76.53929298743606,968.02,2025-04-08 21:46:24.860000+00:00,0.020156,12.836566,3.85,-0.01,0.0,106.37,-0.05
3.427635971456766,-76.53930698521435,967.97,2025-04-08 21:46:28.712000+00:00,0.003867,12.840433,3.85,-0.05,0.0,106.37,-1.29
3.4274712670594454,-76.53937915340066,967.98,2025-04-08 21:46:32.570000+00:00,0.0199,12.860333,3.86,0.01,0.01,106.38,0.05
3.427304970100522,-76.53945199213922,967.76,2025-04-08 21:46:36.434000+00:00,0.020091,12.880424,3.86,-0.22,0.0,106.38,-1.1
3.4270239248871803,-76.53956498019397,967.54,2025-04-08 21:46:40.308000+00:00,0.033518,12.913942,3.87,-0.22,0.0,106.38,-0.66
3.426768947392702,-76.53966698795557,967.52,2025-04-08 21:46:44.191000+00:00,0.030388,12.944331,3.88,-0.02,0.0,106.38,-0.07
3.4265712182968855,-76.53975491411984,967.51,2025-04-08 21:46:48.082000+00:00,0.023948,12.968279,3.89,-0.01,0.0,106.38,-0.04
3.426373489201069,-76.53984275646508,967.41,2025-04-08 21:46:51.980000+00:00,0.023944,12.992223,3.9,-0.1,0.0,106.38,-0.42
3.4261729940772057,-76.53993193991482,967.24,2025-04-08 21:46:55.885000+00:00,0.024285,13.016508,3.9,-0.17,0.0,106.38,-0.7
3.4259959682822227,-76.54000997543335,966.93,2025-04-08 21:46:59.796000+00:00,0.02141,13.037918,3.91,-0.31,0.0,106.38,-1.45
3.4258906077593565,-76.54005750082433,966.62,2025-04-08 21:47:03.711000+00:00,0.012792,13.050709,3.92,-0.31,0.0,106.38,-2.42
3.425763538107276,-76.54011500068009,966.31,2025-04-08 21:47:07.631000+00:00,0.015436,13.066145,3.92,-0.31,0.0,106.38,-2.01
3.4255289286375046,-76.54022094793618,965.99,2025-04-08 21:47:11.559000+00:00,0.028489,13.094634,3.93,-0.32,0.0,106.38,-1.12
3.425330948084593,-76.54030996374786,965.91,2025-04-08 21:47:15.495000+00:00,0.024023,13.118657,3.94,-0.08,0.0,106.38,-0.33
3.4251599572598934,-76.54037492349744,965.81,2025-04-08 21:47:19.437000+00:00,0.020239,13.138896,3.94,-0.1,0.0,106.38,-0.49
3.4249996952712536,-76.5404496062547,965.71,2025-04-08 21:47:23.385000+00:00,0.019568,13.158465,3.95,-0.1,0.0,106.38,-0.51
3.424837924540043,-76.54052495956421,965.53,2025-04-08 21:47:27.339000+00:00,0.019751,13.178216,3.95,-0.18,0.0,106.38,-0.91
3.4245771635323763,-76.54064239002764,965.35,2025-04-08 21:47:31.302000+00:00,0.03165,13.209866,3.96,-0.18,0.0,106.38,-0.57
3.42431397177279,-76.54076099395752,965.23,2025-04-08 21:47:35.275000+00:00,0.031948,13.241814,3.97,-0.12,0.0,106.38,-0.38
3.424171982333064,-76.54082494787872,965.18,2025-04-08 21:47:39.253000+00:00,0.017234,13.259048,3.98,-0.05,0.0,106.38,-0.29
3.4240869898349047,-76.54084699228406,965.16,2025-04-08 21:47:43.234000+00:00,0.009712,13.268761,3.98,-0.02,0.0,106.38,-0.21
3.4238289948552847,-76.54097598977387,965.11,2025-04-08 21:47:47.224000+00:00,0.031927,13.300688,3.99,-0.05,0.0,106.38,-0.16
3.423655992373824,-76.54104195535183,965.13,2025-04-08 21:47:51.220000+00:00,0.020487,13.321175,4.0,0.02,0.02,106.4,0.1
3.423549961298704,-76.54108294285834,965.3,2025-04-08 21:47:55.220000+00:00,0.012578,13.333753,4.0,0.17,0.17,106.57,1.35
3.4233789704740047,-76.54116894118488,965.69,2025-04-08 21:47:59.227000+00:00,0.021186,13.354939,4.01,0.39,0.39,106.96,1.84
3.423122735694051,-76.54127547517419,966.14,2025-04-08 21:48:03.243000+00:00,0.030708,13.385646,4.02,0.45,0.45,107.41,1.47
3.4228639863431454,-76.54138293117285,966.42,2025-04-08 21:48:07.268000+00:00,0.031004,13.41665,4.03,0.28,0.28,107.69,0.9
3.4226386807858944,-76.54147949069738,966.69,2025-04-08 21:48:11.301000+00:00,0.027126,13.443776,4.03,0.27,0.27,107.96,1.0
3.422413459047675,-76.54157605022192,967.05,2025-04-08 21:48:15.342000+00:00,0.027118,13.470894,4.04,0.36,0.36,108.32,1.33
3.422184968367219,-76.54167395085096,967.45,2025-04-08 21:48:19.392000+00:00,0.027509,13.498403,4.05,0.4,0.4,108.72,1.45
3.4221129678189754,-76.5417049638927,967.76,2025-04-08 21:48:23.444000+00:00,0.008676,13.507078,4.05,0.31,0.31,109.03,3.57
3.4219619259238243,-76.54176992364228,968.04,2025-04-08 21:48:27.502000+00:00,0.018195,13.525273,4.06,0.28,0.28,109.31,1.54
3.421812728047371,-76.54182314872742,968.36,2025-04-08 21:48:31.565000+00:00,0.017526,13.5428,4.06,0.32,0.32,109.63,1.83
3.421661937609315,-76.54187696054578,968.63,2025-04-08 21:48:35.633000+00:00,0.017714,13.560513,4.07,0.27,0.27,109.9,1.52
3.4215129911899567,-76.54195097275078,968.93,2025-04-08 21:48:39.707000+00:00,0.018409,13.578923,4.07,0.3,0.3,110.2,1.63
3.4213619492948055,-76.54202699661255,969.31,2025-04-08 21:48:43.786000+00:00,0.018717,13.59764,4.08,0.38,0.38,110.58,2.03
3.4211476240307093,-76.54211953282356,969.93,2025-04-08 21:48:51.952000+00:00,0.025834,13.623474,8.17,0.62,0.62,111.2,2.4
3.4209343045949936,-76.54221206903458,970.13,2025-04-08 21:48:56.047000+00:00,0.025732,13.649207,4.09,0.2,0.2,111.4,0.78
3.420717967674136,-76.5423059463501,970.15,2025-04-08 21:49:00.150000+00:00,0.026098,13.675304,4.1,0.02,0.02,111.42,0.08
3.420652924105525,-76.54232698492706,970.19,2025-04-08 21:49:04.255000+00:00,0.007563,13.682867,4.11,0.04,0.04,111.46,0.53
3.420439688488841,-76.54241952113807,970.14,2025-04-08 21:49:08.368000+00:00,0.025724,13.708591,4.11,-0.05,0.0,111.46,-0.19
3.4202263690531254,-76.54251205734909,970.15,2025-04-08 21:49:12.488000+00:00,0.025732,13.734323,4.12,0.01,0.01,111.47,0.04
3.4200099483132362,-76.5426059346646,970.17,2025-04-08 21:49:16.616000+00:00,0.026106,13.76043,4.13,0.02,0.02,111.49,0.08
3.419901989400387,-76.54264893382788,970.15,2025-04-08 21:49:20.748000+00:00,0.012859,13.773288,4.13,-0.02,0.0,111.49,-0.16
3.4197719860821962,-76.54270593076944,970.1,2025-04-08 21:49:24.885000+00:00,0.015709,13.788997,4.14,-0.05,0.0,111.49,-0.32
3.4195466805249453,-76.54280316084623,970.04,2025-04-08 21:49:29.030000+00:00,0.027156,13.816153,4.14,-0.06,0.0,111.49,-0.22
3.419321458786726,-76.54290039092302,969.97,2025-04-08 21:49:33.183000+00:00,0.027147,13.8433,4.15,-0.07,0.0,111.49,-0.26
3.41909296810627,-76.54299896210432,969.91,2025-04-08 21:49:37.344000+00:00,0.027538,13.870839,4.16,-0.06,0.0,111.49,-0.22
3.4188483841717243,-76.54310449026525,969.89,2025-04-08 21:49:41.514000+00:00,0.029478,13.900317,4.17,-0.02,0.0,111.49,-0.07
3.418603800237179,-76.54320993460715,969.86,2025-04-08 21:49:45.693000+00:00,0.029475,13.929792,4.18,-0.03,0.0,111.49,-0.1
3.4183592163026333,-76.54331546276808,969.64,2025-04-08 21:49:49.881000+00:00,0.029478,13.95927,4.19,-0.22,0.0,111.49,-0.75
3.418264165520668,-76.54335636645555,969.49,2025-04-08 21:49:54.072000+00:00,0.011451,13.970722,4.19,-0.15,0.0,111.49,-1.31
3.418239438906312,-76.54336701147258,969.35,2025-04-08 21:49:58.264000+00:00,0.002979,13.973701,4.19,-0.14,0.0,111.49,-4.7
3.4181099385023117,-76.54342291876674,969.2,2025-04-08 21:50:02.461000+00:00,0.015609,13.98931,4.2,-0.15,0.0,111.49,-0.96
3.4180139657109976,-76.54346499592066,969.06,2025-04-08 21:50:06.661000+00:00,0.011597,14.000907,4.2,-0.14,0.0,111.49,-1.21
3.417863929644227,-76.54344295151532,968.9,2025-04-08 21:50:10.866000+00:00,0.016771,14.017678,4.21,-0.16,0.0,111.49,-0.95
3.417734932154417,-76.54335695318878,968.79,2025-04-08 21:50:15.077000+00:00,0.01717,14.034847,4.21,-0.11,0.0,111.49,-0.64
3.417675504460931,-76.54320909641683,968.73,2025-04-08 21:50:19.293000+00:00,0.017696,14.052543,4.22,-0.06,0.0,111.49,-0.34
3.417648933827877,-76.54314296320081,968.74,2025-04-08 21:50:23.511000+00:00,0.007914,14.060457,4.22,0.01,0.01,111.5,0.13
3.4176219440996647,-76.54303793795407,968.83,2025-04-08 21:50:27.733000+00:00,0.012046,14.072504,4.22,0.09,0.09,111.59,0.75
3.4175519552081823,-76.54276099987328,969.01,2025-04-08 21:50:31.964000+00:00,0.031732,14.104236,4.23,0.18,0.18,111.77,0.57
3.4174912702292204,-76.5425232052803,969.17,2025-04-08 21:50:36.204000+00:00,0.027263,14.131499,4.24,0.16,0.16,111.93,0.59
3.4174305852502584,-76.54228541068733,969.24,2025-04-08 21:50:40.452000+00:00,0.027263,14.158762,4.25,0.07,0.07,112.0,0.26
3.417369984090328,-76.54204795137048,969.09,2025-04-08 21:50:44.708000+00:00,0.027225,14.185987,4.26,-0.15,0.0,112.0,-0.55
3.417365960776806,-76.54203395359218,969.14,2025-04-08 21:50:48.964000+00:00,0.001618,14.187605,4.26,0.05,0.05,112.05,3.09
3.417302928864956,-76.54182423837483,969.08,2025-04-08 21:50:53.228000+00:00,0.024324,14.211929,4.26,-0.06,0.0,112.05,-0.25
3.417239896953106,-76.54161452315748,969.18,2025-04-08 21:50:57.499000+00:00,0.024324,14.236253,4.27,0.1,0.1,112.15,0.41
3.4171769488602877,-76.54140497557819,969.34,2025-04-08 21:51:01.777000+00:00,0.024304,14.260557,4.28,0.16,0.16,112.31,0.66
3.4171304292976856,-76.54122535139322,969.43,2025-04-08 21:51:06.061000+00:00,0.020613,14.281169,4.28,0.09,0.09,112.4,0.44
3.4170839935541153,-76.54104597866535,969.53,2025-04-08 21:51:10.352000+00:00,0.020583,14.301753,4.29,0.1,0.1,112.5,0.49
3.4170489571988583,-76.54091094620526,969.57,2025-04-08 21:51:14.647000+00:00,0.015497,14.31725,4.29,0.04,0.04,112.54,0.26
3.416983997449279,-76.54076099395752,969.51,2025-04-08 21:51:18.948000+00:00,0.018145,14.335395,4.3,-0.06,0.0,112.54,-0.33
3.4169629588723183,-76.54069695621729,969.46,2025-04-08 21:51:23.251000+00:00,0.007487,14.342882,4.3,-0.05,0.0,112.54,-0.67
3.4169239830225706,-76.5405339282006,969.38,2025-04-08 21:51:27.560000+00:00,0.018622,14.361504,4.31,-0.08,0.0,112.54,-0.43
3.4168769605457783,-76.54033192433417,969.14,2025-04-08 21:51:31.875000+00:00,0.023042,14.384545,4.32,-0.24,0.0,112.54,-1.04
3.4168129228055477,-76.54011692851782,968.68,2025-04-08 21:51:40.514000+00:00,0.024918,14.409464,8.64,-0.46,0.0,112.54,-1.85
3.416800769045949,-76.54001181945205,968.56,2025-04-08 21:51:44.840000+00:00,0.011757,14.421221,4.33,-0.12,0.0,112.54,-1.02
3.416801942512393,-76.53993093408644,968.35,2025-04-08 21:51:49.169000+00:00,0.008989,14.43021,4.33,-0.21,0.0,112.54,-2.34
3.416881738230586,-76.53988416306674,968.15,2025-04-08 21:51:53.501000+00:00,0.010241,14.440451,4.33,-0.2,0.0,112.54,-1.95
3.4169431775808334,-76.539850467816,967.96,2025-04-08 21:51:57.836000+00:00,0.007757,14.448208,4.33,-0.19,0.0,112.54,-2.45
3.4170076344162226,-76.53983077034354,967.78,2025-04-08 21:52:02.173000+00:00,0.007456,14.455664,4.34,-0.18,0.0,112.54,-2.41
3.417231934145093,-76.53976874426007,967.6,2025-04-08 21:52:06.518000+00:00,0.025743,14.481407,4.34,-0.18,0.0,112.54,-0.7
3.4174585808068514,-76.53970604762435,967.55,2025-04-08 21:52:10.870000+00:00,0.026013,14.507419,4.35,-0.05,0.0,112.54,-0.19
3.4177073556929827,-76.53962046839297,967.34,2025-04-08 21:52:15.231000+00:00,0.029106,14.536526,4.36,-0.21,0.0,112.54,-0.72
3.4179586451500654,-76.53953405097127,966.91,2025-04-08 21:52:19.601000+00:00,0.0294,14.565925,4.37,-0.43,0.0,112.54,-1.46
3.4182160533964634,-76.53945894911885,966.34,2025-04-08 21:52:23.980000+00:00,0.029662,14.595587,4.38,-0.57,0.0,112.54,-1.92
3.418498607352376,-76.53937521390617,965.89,2025-04-08 21:52:28.369000+00:00,0.0326,14.628188,4.39,-0.45,0.0,112.54,-1.38
3.4186890441924334,-76.53931712731719,965.91,2025-04-08 21:52:32.764000+00:00,0.022025,14.650213,4.39,0.02,0.02,112.56,0.09
3.4188815765082836,-76.53925845399499,966.08,2025-04-08 21:52:37.166000+00:00,0.022266,14.672479,4.4,0.17,0.17,112.73,0.76
3.4191081393510103,-76.53918989002705,966.38,2025-04-08 21:52:41.576000+00:00,0.026186,14.698665,4.41,0.3,0.3,113.03,1.15
3.419262198731303,-76.53913943096995,966.15,2025-04-08 21:52:45.991000+00:00,0.017935,14.716599,4.42,-0.23,0.0,113.03,-1.28
3.4194063674658537,-76.5390988625586,965.74,2025-04-08 21:52:50.411000+00:00,0.016567,14.733166,4.42,-0.41,0.0,113.03,-2.47
3.4195169247686863,-76.53906315565109,965.12,2025-04-08 21:52:54.835000+00:00,0.012853,14.746019,4.42,-0.62,0.0,113.03,-4.82
3.419724963605404,-76.53900121338665,964.37,2025-04-08 21:52:59.266000+00:00,0.024012,14.770032,4.43,-0.75,0.0,113.03,-3.12
3.419990334659815,-76.53892217203975,963.64,2025-04-08 21:53:03.706000+00:00,0.030631,14.800662,4.44,-0.73,0.0,113.03,-2.38
3.4201099444180727,-76.53888520784676,963.18,2025-04-08 21:53:08.150000+00:00,0.013849,14.814511,4.44,-0.46,0.0,113.03,-3.32
3.4203538578003645,-76.53881144709885,962.73,2025-04-08 21:53:12.603000+00:00,0.028189,14.842701,4.45,-0.45,0.0,113.03,-1.6
3.420578744262457,-76.53873978182673,962.36,2025-04-08 21:53:17.064000+00:00,0.026112,14.868812,4.46,-0.37,0.0,113.03,-1.42
3.4208036307245493,-76.53866803273559,962.08,2025-04-08 21:53:21.533000+00:00,0.026114,14.894927,4.47,-0.28,0.0,113.03,-1.07
3.4210320375859737,-76.53859519399703,961.94,2025-04-08 21:53:26.010000+00:00,0.026522,14.921449,4.48,-0.14,0.0,113.03,-0.53
3.421202190220356,-76.53854423202574,961.87,2025-04-08 21:53:30.492000+00:00,0.019649,14.941098,4.48,-0.07,0.0,113.03,-0.36
3.421374186873436,-76.53849268332124,961.85,2025-04-08 21:53:34.980000+00:00,0.019863,14.960961,4.49,-0.02,0.0,113.03,-0.1
3.4215207025408745,-76.53844926506281,961.73,2025-04-08 21:53:39.473000+00:00,0.016905,14.977865,4.49,-0.12,0.0,113.03,-0.71
